date,wasserstein_distance,beta0,beta1,beta2,lp2_distance
2018-02-28 00:00:00,1.3875089585781097,4,0,0,4.5
2018-03-01 00:00:00,1.2254933714866638,4,0,0,4.5
2018-03-02 00:00:00,1.078750193119049,4,0,0,4.5
2018-03-05 00:00:00,0.5747158527374268,4,0,0,2.0
2018-03-06 00:00:00,0.43530043959617615,4,0,0,2.0
2018-03-07 00:00:00,0.22917440533638,3,0,0,0.5
2018-03-08 00:00:00,0.3908971846103668,2,0,0,0.0
2018-03-09 00:00:00,0.6673493981361389,1,0,0,0.5
2018-03-12 00:00:00,0.871453732252121,1,0,0,0.5
2018-03-13 00:00:00,0.9692719876766205,1,0,0,0.5
2018-03-14 00:00:00,1.2563124001026154,1,0,0,0.5
2018-03-15 00:00:00,1.5185707807540894,1,0,0,0.5
2018-03-16 00:00:00,1.7638537883758545,1,0,0,2.0
2018-03-19 00:00:00,1.7665447294712067,1,0,0,2.0
2018-03-20 00:00:00,1.5403847694396973,1,0,0,2.0
2018-03-21 00:00:00,1.6060311496257782,1,0,0,2.0
2018-03-22 00:00:00,1.5584456026554108,1,0,0,0.5
2018-03-23 00:00:00,1.4187979698181152,1,0,0,0.5
2018-03-26 00:00:00,1.4485291540622711,1,0,0,0.5
2018-03-27 00:00:00,1.6359114348888397,1,0,0,2.0
2018-03-28 00:00:00,1.7373735010623932,1,0,0,4.5
2018-03-29 00:00:00,1.6477336287498474,1,0,0,4.5
2018-04-02 00:00:00,1.6608007848262787,1,0,0,4.5
2018-04-03 00:00:00,1.7258328795433044,1,0,0,4.5
2018-04-04 00:00:00,1.7086874544620514,1,0,0,4.5
2018-04-05 00:00:00,1.728027582168579,1,0,0,4.5
2018-04-06 00:00:00,1.316526621580124,1,0,0,2.0
2018-04-09 00:00:00,1.1374736428260803,1,0,0,0.5
2018-04-10 00:00:00,0.8855665326118469,1,0,0,0.0
2018-04-11 00:00:00,0.7313592731952667,1,0,0,0.0
2018-04-12 00:00:00,0.5492801070213318,1,0,0,0.0
2018-04-13 00:00:00,0.3074381947517395,1,0,0,0.0
2018-04-16 00:00:00,0.21614176034927368,1,0,0,0.0
2018-04-17 00:00:00,0.15632328391075134,1,0,0,0.0
2018-04-18 00:00:00,0.20421743392944336,1,0,0,0.0
2018-04-19 00:00:00,0.31033048033714294,1,0,0,0.0
2018-04-20 00:00:00,0.2553909122943878,1,0,0,0.0
2018-04-23 00:00:00,0.33173513412475586,1,1,0,0.5
2018-04-24 00:00:00,0.44247668981552124,2,1,0,1.0
2018-04-25 00:00:00,0.43089500069618225,2,1,0,1.0
2018-04-26 00:00:00,0.4522884786128998,2,0,0,0.5
2018-04-27 00:00:00,0.5558864176273346,2,0,0,0.5
2018-04-30 00:00:00,0.6635667383670807,2,0,0,0.5
2018-05-01 00:00:00,0.9313988983631134,3,0,0,2.0
2018-05-02 00:00:00,0.9566054046154022,3,0,0,2.0
2018-05-03 00:00:00,1.1106058955192566,3,0,0,2.0
2018-05-04 00:00:00,1.0914345681667328,3,0,0,2.0
2018-05-07 00:00:00,1.2812561094760895,4,0,0,4.5
2018-05-08 00:00:00,1.2523894011974335,4,0,0,4.5
2018-05-09 00:00:00,1.4007850587368011,5,0,0,8.0
2018-05-10 00:00:00,1.4408692419528961,5,0,0,8.0
2018-05-11 00:00:00,1.4689658284187317,5,0,0,8.0
2018-05-14 00:00:00,1.2653283178806305,5,0,0,8.0
2018-05-15 00:00:00,1.1707376539707184,5,0,0,8.0
2018-05-16 00:00:00,1.1158495247364044,6,0,0,12.5
2018-05-17 00:00:00,1.3332293629646301,6,0,0,12.5
2018-05-18 00:00:00,1.2781887352466583,5,0,0,8.0
2018-05-21 00:00:00,1.2095614969730377,5,0,0,8.0
2018-05-22 00:00:00,0.874089390039444,3,0,0,2.5
2018-05-23 00:00:00,0.6476782262325287,3,0,0,1.0
2018-05-24 00:00:00,0.5226291120052338,2,0,0,0.5
2018-05-25 00:00:00,0.3032185435295105,2,0,0,0.0
2018-05-29 00:00:00,0.26581141352653503,2,0,0,0.0
2018-05-30 00:00:00,0.4643547236919403,2,0,0,0.0
2018-05-31 00:00:00,0.6610023379325867,2,0,0,0.5
2018-06-01 00:00:00,0.6420579254627228,2,0,0,0.5
2018-06-04 00:00:00,0.725976288318634,2,0,0,0.5
2018-06-05 00:00:00,0.7550495266914368,2,0,0,0.5
2018-06-06 00:00:00,1.0052023530006409,2,0,0,2.0
2018-06-07 00:00:00,1.151486098766327,1,0,0,4.5
2018-06-08 00:00:00,1.3653909862041473,1,0,0,8.0
2018-06-11 00:00:00,1.3508761525154114,1,0,0,8.0
2018-06-12 00:00:00,1.3746599853038788,1,0,0,8.0
2018-06-13 00:00:00,1.2834051251411438,1,0,0,8.0
2018-06-14 00:00:00,1.2395499050617218,1,0,0,8.0
2018-06-15 00:00:00,1.3378887474536896,1,0,0,12.5
2018-06-18 00:00:00,1.4602547585964203,1,0,0,12.5
2018-06-19 00:00:00,1.3280192911624908,1,0,0,8.0
2018-06-20 00:00:00,1.2367556989192963,1,0,0,8.0
2018-06-21 00:00:00,0.7769924402236938,1,0,0,2.0
2018-06-22 00:00:00,0.738525778055191,1,0,0,2.0
2018-06-25 00:00:00,0.6707159280776978,1,0,0,0.5
2018-06-26 00:00:00,0.6020288169384003,1,0,0,0.5
2018-06-27 00:00:00,0.6075368821620941,1,0,0,0.5
2018-06-28 00:00:00,0.4610072076320648,1,0,0,0.5
2018-06-29 00:00:00,0.5440911948680878,1,0,0,0.5
2018-07-02 00:00:00,0.5693332254886627,1,0,0,0.5
2018-07-03 00:00:00,0.5822519659996033,1,0,0,0.5
2018-07-05 00:00:00,0.29452547430992126,1,0,0,0.5
2018-07-06 00:00:00,0.2800622582435608,1,0,0,0.5
2018-07-09 00:00:00,0.15875521302223206,1,0,0,0.0
2018-07-10 00:00:00,0.16950461268424988,1,0,0,0.0
2018-07-11 00:00:00,0.3297678828239441,1,0,0,0.0
2018-07-12 00:00:00,0.3478415608406067,1,0,0,0.0
2018-07-13 00:00:00,0.3378438651561737,1,0,0,0.0
2018-07-16 00:00:00,0.27190208435058594,1,0,0,0.0
2018-07-17 00:00:00,0.22155192494392395,1,0,0,0.0
2018-07-18 00:00:00,0.30331704020500183,1,0,0,0.0
2018-07-19 00:00:00,0.3081224262714386,1,0,0,0.0
2018-07-20 00:00:00,0.42055514454841614,1,0,0,0.0
2018-07-23 00:00:00,0.49626508355140686,1,0,0,0.0
2018-07-24 00:00:00,0.42970696091651917,2,0,0,0.5
2018-07-25 00:00:00,0.41242173314094543,2,0,0,0.5
2018-07-26 00:00:00,0.31842896342277527,2,0,0,0.5
2018-07-27 00:00:00,0.3422326147556305,2,0,0,0.5
2018-07-30 00:00:00,0.453412801027298,2,0,0,0.5
2018-07-31 00:00:00,0.8021017909049988,3,0,0,2.0
2018-08-01 00:00:00,0.871293306350708,3,0,0,2.0
2018-08-02 00:00:00,0.8781747817993164,3,0,0,2.0
2018-08-03 00:00:00,0.7012090086936951,3,0,0,2.0
2018-08-06 00:00:00,0.8054994642734528,3,0,0,2.0
2018-08-07 00:00:00,0.737971693277359,3,0,0,2.0
2018-08-08 00:00:00,1.154870331287384,3,0,0,2.0
2018-08-09 00:00:00,1.2753062546253204,3,0,0,2.0
2018-08-10 00:00:00,1.3036175072193146,3,0,0,2.0
2018-08-13 00:00:00,1.3234280049800873,3,0,0,2.0
2018-08-14 00:00:00,1.142476499080658,3,0,0,2.0
2018-08-15 00:00:00,1.0498040318489075,3,0,0,2.0
2018-08-16 00:00:00,0.9625588357448578,3,0,0,2.0
2018-08-17 00:00:00,0.8901564180850983,3,0,0,2.0
2018-08-20 00:00:00,0.8841094076633453,3,0,0,2.0
2018-08-21 00:00:00,0.5901893377304077,2,0,0,0.5
2018-08-22 00:00:00,0.31993889808654785,2,0,0,0.0
2018-08-23 00:00:00,0.14540019631385803,2,0,0,0.0
2018-08-24 00:00:00,0.25160473585128784,2,0,0,0.0
2018-08-27 00:00:00,0.5421132445335388,2,0,0,0.0
2018-08-28 00:00:00,0.8918765783309937,1,0,0,0.5
2018-08-29 00:00:00,1.2715940177440643,1,0,0,2.0
2018-08-30 00:00:00,1.2584045231342316,1,0,0,2.0
2018-08-31 00:00:00,1.1971917748451233,1,0,0,2.0
2018-09-04 00:00:00,1.2990804314613342,1,0,0,2.0
2018-09-05 00:00:00,1.2835285365581512,1,0,0,2.0
2018-09-06 00:00:00,1.3297775089740753,1,0,0,2.0
2018-09-07 00:00:00,1.6796350479125977,1,0,0,2.0
2018-09-10 00:00:00,1.6520046889781952,1,0,0,2.0
2018-09-11 00:00:00,1.7539282441139221,1,0,0,2.0
2018-09-12 00:00:00,1.7293920516967773,1,0,0,2.0
2018-09-13 00:00:00,1.561225712299347,1,0,0,2.0
2018-09-14 00:00:00,1.4052773714065552,1,0,0,2.0
2018-09-17 00:00:00,1.1636525988578796,1,0,0,2.0
2018-09-18 00:00:00,1.1490072011947632,1,0,0,2.0
2018-09-19 00:00:00,1.184108853340149,1,0,0,2.0
2018-09-20 00:00:00,0.9193715751171112,1,0,0,0.5
2018-09-21 00:00:00,0.7526128888130188,1,0,0,0.5
2018-09-24 00:00:00,0.5962808132171631,1,0,0,0.5
2018-09-25 00:00:00,0.46740397810935974,1,0,0,0.5
2018-09-26 00:00:00,0.5210521519184113,1,0,0,0.5
2018-09-27 00:00:00,0.3421156406402588,1,0,0,0.0
2018-09-28 00:00:00,0.4122367799282074,1,0,0,0.0
2018-10-01 00:00:00,0.36771196126937866,1,0,0,0.0
2018-10-02 00:00:00,0.6172427535057068,2,0,0,0.5
2018-10-03 00:00:00,0.6169835329055786,2,0,0,0.5
2018-10-04 00:00:00,0.6160293221473694,2,0,0,0.5
2018-10-05 00:00:00,0.7480348944664001,2,0,0,0.5
2018-10-08 00:00:00,1.1058359444141388,3,0,0,2.0
2018-10-09 00:00:00,1.2212872803211212,4,0,0,4.5
2018-10-10 00:00:00,1.337640792131424,4,0,0,4.5
2018-10-11 00:00:00,1.293677181005478,4,0,0,4.5
2018-10-12 00:00:00,1.39729243516922,4,0,0,4.5
2018-10-15 00:00:00,1.2943454384803772,4,0,0,4.5
2018-10-16 00:00:00,1.2848477363586426,4,0,0,4.5
2018-10-17 00:00:00,1.6331612169742584,4,0,0,4.5
2018-10-18 00:00:00,1.7273836135864258,4,0,0,4.5
2018-10-19 00:00:00,1.8240475952625275,4,0,0,4.5
2018-10-22 00:00:00,2.1042210459709167,6,0,0,12.5
2018-10-23 00:00:00,2.5058083534240723,7,0,0,18.0
2018-10-24 00:00:00,2.5969681441783905,8,0,0,24.5
2018-10-25 00:00:00,2.710595726966858,8,0,0,24.5
2018-10-26 00:00:00,2.8273876011371613,9,0,0,32.0
2018-10-29 00:00:00,3.0118537843227386,10,0,0,40.5
2018-10-30 00:00:00,3.0381758511066437,10,0,0,40.5
2018-10-31 00:00:00,3.1165167093276978,13,0,0,60.5
2018-11-01 00:00:00,3.1819364726543427,13,0,0,60.5
2018-11-02 00:00:00,3.2279146313667297,14,0,0,72.0
2018-11-05 00:00:00,3.2472861409187317,14,0,0,72.0
2018-11-06 00:00:00,2.818824291229248,13,0,0,50.0
2018-11-07 00:00:00,2.987590968608856,15,0,0,60.5
2018-11-08 00:00:00,3.020485609769821,16,0,0,72.0
2018-11-09 00:00:00,2.9846246242523193,14,0,0,50.0
2018-11-12 00:00:00,3.0026745796203613,16,0,0,72.0
2018-11-13 00:00:00,3.163804054260254,16,0,0,72.0
2018-11-14 00:00:00,3.2105917036533356,16,0,0,72.0
2018-11-15 00:00:00,2.959251642227173,16,0,0,72.0
2018-11-16 00:00:00,3.0058457255363464,16,0,0,72.0
2018-11-19 00:00:00,2.4578248858451843,15,0,0,60.5
2018-11-20 00:00:00,1.6898835003376007,13,0,0,24.5
2018-11-21 00:00:00,0.8852416574954987,12,0,0,12.5
2018-11-23 00:00:00,0.7762225866317749,10,0,0,2.0
2018-11-26 00:00:00,0.7004118263721466,9,0,0,0.5
2018-11-27 00:00:00,0.5894571840763092,8,0,0,0.5
2018-11-28 00:00:00,0.6550666987895966,7,1,0,5.0
2018-11-29 00:00:00,0.7304872274398804,6,1,0,8.5
2018-11-30 00:00:00,0.9014635980129242,7,1,0,18.5
2018-12-03 00:00:00,1.0235638916492462,7,1,0,18.5
2018-12-04 00:00:00,1.1976168751716614,6,1,0,32.5
2018-12-06 00:00:00,1.3273660838603973,6,1,0,32.5
2018-12-07 00:00:00,1.424822360277176,6,1,0,25.0
2018-12-10 00:00:00,1.8749193847179413,6,0,0,40.5
2018-12-11 00:00:00,1.9486231207847595,6,0,0,50.0
2018-12-12 00:00:00,2.006595402956009,6,0,0,32.0
2018-12-13 00:00:00,2.2552666664123535,6,0,0,50.0
2018-12-14 00:00:00,2.534717410802841,5,0,0,60.5
2018-12-17 00:00:00,2.6624356508255005,5,1,0,61.0
2018-12-18 00:00:00,2.7197672724723816,4,1,0,72.5
2018-12-19 00:00:00,2.6853745579719543,3,1,0,85.0
2018-12-20 00:00:00,2.094303011894226,4,0,0,60.5
2018-12-21 00:00:00,1.313170462846756,5,0,0,32.0
2018-12-24 00:00:00,0.9941829144954681,5,0,0,24.5
2018-12-26 00:00:00,1.2426460683345795,5,1,0,13.0
2018-12-27 00:00:00,1.2145298719406128,5,1,0,8.5
2018-12-28 00:00:00,0.9934985637664795,6,1,0,2.5
2018-12-31 00:00:00,0.8258976638317108,7,1,0,0.0
2019-01-02 00:00:00,0.5631880462169647,6,1,0,0.0
2019-01-03 00:00:00,0.6799468696117401,6,1,0,0.5
2019-01-04 00:00:00,0.736804187297821,5,1,0,2.0
2019-01-07 00:00:00,0.5831362903118134,5,1,0,0.5
2019-01-08 00:00:00,0.5491373240947723,5,1,0,0.5
2019-01-09 00:00:00,0.5301138162612915,4,1,0,2.0
2019-01-10 00:00:00,0.6219216585159302,5,0,0,0.5
2019-01-11 00:00:00,0.5544008314609528,7,0,0,0.5
2019-01-14 00:00:00,0.6388216912746429,7,0,0,0.5
2019-01-15 00:00:00,0.7928056120872498,7,0,0,0.5
2019-01-16 00:00:00,0.9655784368515015,6,0,0,0.5
2019-01-17 00:00:00,0.9390106201171875,6,0,0,1.0
2019-01-18 00:00:00,0.9482786953449249,5,0,0,1.0
2019-01-22 00:00:00,1.059749275445938,5,0,0,2.5
2019-01-23 00:00:00,1.2156833410263062,5,0,0,0.5
2019-01-24 00:00:00,1.082080990076065,5,0,0,0.0
2019-01-25 00:00:00,0.7856413722038269,5,0,0,0.0
2019-01-28 00:00:00,0.7799377143383026,5,0,0,0.5
2019-01-29 00:00:00,0.8556955754756927,6,0,0,1.0
2019-01-30 00:00:00,0.880001038312912,5,0,0,1.0
2019-01-31 00:00:00,0.9147058427333832,4,0,0,5.0
2019-02-01 00:00:00,0.8946398198604584,4,0,0,2.5
2019-02-04 00:00:00,0.94693723320961,4,0,0,2.5
2019-02-05 00:00:00,0.7898813486099243,4,0,0,1.0
2019-02-06 00:00:00,0.7824700772762299,4,0,0,1.0
2019-02-07 00:00:00,0.6905830502510071,4,0,0,1.0
2019-02-08 00:00:00,0.6246149241924286,3,0,0,1.0
2019-02-11 00:00:00,0.7550242841243744,3,0,0,2.0
2019-02-12 00:00:00,0.749740481376648,3,0,0,8.0
2019-02-13 00:00:00,0.8238972425460815,3,0,0,8.0
2019-02-14 00:00:00,0.8565416038036346,3,0,0,8.0
2019-02-15 00:00:00,0.9343777298927307,3,0,0,4.5
2019-02-19 00:00:00,0.8983418345451355,3,0,0,4.5
2019-02-20 00:00:00,1.0133430361747742,2,0,0,4.5
2019-02-21 00:00:00,1.075299859046936,2,0,0,4.5
2019-02-22 00:00:00,1.05552276968956,2,0,0,4.5
2019-02-25 00:00:00,1.0733813643455505,2,0,0,4.5
2019-02-26 00:00:00,1.237245887517929,2,0,0,4.5
2019-02-27 00:00:00,1.630084365606308,1,0,0,8.0
2019-02-28 00:00:00,1.6819486021995544,1,0,0,12.5
2019-03-01 00:00:00,1.508891224861145,1,0,0,8.0
2019-03-04 00:00:00,1.221759170293808,1,0,0,4.5
2019-03-05 00:00:00,1.239452600479126,1,0,0,4.5
2019-03-06 00:00:00,1.4377737939357758,1,0,0,4.5
2019-03-07 00:00:00,1.5492150783538818,1,0,0,4.5
2019-03-08 00:00:00,1.6595534086227417,1,0,0,4.5
2019-03-11 00:00:00,1.79339799284935,1,0,0,4.5
2019-03-12 00:00:00,1.4960338473320007,1,0,0,2.0
2019-03-13 00:00:00,1.45058274269104,1,0,0,2.0
2019-03-14 00:00:00,1.5549212396144867,1,0,0,2.0
2019-03-15 00:00:00,1.6600046157836914,1,0,0,2.0
2019-03-18 00:00:00,1.5660605728626251,1,0,0,2.0
2019-03-19 00:00:00,1.32821923494339,2,0,0,0.5
2019-03-20 00:00:00,1.2377740144729614,2,0,0,0.5
2019-03-21 00:00:00,1.118189662694931,2,0,0,0.0
2019-03-22 00:00:00,0.8256585597991943,2,0,0,0.0
2019-03-25 00:00:00,0.8375834822654724,2,0,0,0.0
2019-03-26 00:00:00,0.9665828943252563,2,0,0,0.0
2019-03-27 00:00:00,0.9762008190155029,2,0,0,0.0
2019-03-28 00:00:00,0.8724279403686523,2,0,0,0.5
2019-03-29 00:00:00,0.9064238369464874,2,0,0,0.5
2019-04-01 00:00:00,0.9692482948303223,2,0,0,0.5
2019-04-02 00:00:00,0.9619720876216888,3,0,0,2.0
2019-04-03 00:00:00,0.9743244647979736,3,0,0,2.0
2019-04-04 00:00:00,0.9301374852657318,3,0,0,2.0
2019-04-05 00:00:00,0.7687084078788757,2,0,0,0.5
2019-04-08 00:00:00,0.6975234150886536,2,0,0,0.5
2019-04-09 00:00:00,0.5370922982692719,2,0,0,0.5
2019-04-10 00:00:00,0.4056447446346283,2,0,0,0.5
2019-04-11 00:00:00,0.42630258202552795,2,0,0,0.5
2019-04-12 00:00:00,0.40721505880355835,2,0,0,0.5
2019-04-15 00:00:00,0.4766213297843933,2,0,0,0.5
2019-04-16 00:00:00,0.36252543330192566,1,0,0,0.0
2019-04-17 00:00:00,0.39725592732429504,1,0,0,0.5
2019-04-18 00:00:00,0.3531419634819031,1,0,0,0.5
2019-04-22 00:00:00,0.32105422019958496,1,0,0,0.5
2019-04-23 00:00:00,0.3243863582611084,1,0,0,0.5
2019-04-24 00:00:00,0.46490052342414856,1,0,0,0.5
2019-04-25 00:00:00,0.5130032300949097,1,0,0,0.5
2019-04-26 00:00:00,0.5846165120601654,1,0,0,0.5
2019-04-29 00:00:00,0.6695738434791565,2,0,0,0.0
2019-04-30 00:00:00,0.7886722087860107,2,0,0,0.0
2019-05-01 00:00:00,0.8838787078857422,2,0,0,0.0
2019-05-02 00:00:00,0.9306397438049316,2,0,0,0.5
2019-05-03 00:00:00,1.271043449640274,2,0,0,0.5
2019-05-06 00:00:00,1.3731878101825714,3,0,0,0.0
2019-05-07 00:00:00,1.3313554525375366,3,0,0,0.5
2019-05-08 00:00:00,1.4906803965568542,3,1,0,1.0
2019-05-09 00:00:00,1.4760911464691162,3,1,0,1.0
2019-05-10 00:00:00,1.5247581005096436,3,1,0,1.0
2019-05-13 00:00:00,1.4619143605232239,3,0,0,0.5
2019-05-14 00:00:00,1.1676079034805298,3,0,0,0.5
2019-05-15 00:00:00,1.0040751695632935,2,0,0,0.0
2019-05-16 00:00:00,1.1235044598579407,2,0,0,0.5
2019-05-17 00:00:00,1.1126949191093445,2,0,0,0.5
2019-05-20 00:00:00,1.0023881494998932,2,0,0,0.5
2019-05-21 00:00:00,0.9230867326259613,2,0,0,0.5
2019-05-22 00:00:00,0.585613340139389,2,0,0,0.5
2019-05-23 00:00:00,0.523541122674942,1,0,0,0.0
2019-05-24 00:00:00,0.4241209328174591,1,0,0,0.0
2019-05-28 00:00:00,0.39619624614715576,1,0,0,0.0
2019-05-29 00:00:00,0.3633911609649658,1,0,0,0.5
2019-05-30 00:00:00,0.3151589334011078,2,0,0,0.0
2019-05-31 00:00:00,0.33799052238464355,2,0,0,0.0
2019-06-03 00:00:00,0.4225040078163147,2,0,0,0.0
2019-06-04 00:00:00,0.4045606255531311,2,0,0,0.0
2019-06-05 00:00:00,0.3512524366378784,2,0,0,0.5
2019-06-06 00:00:00,0.39954233169555664,2,0,0,0.5
2019-06-07 00:00:00,0.6734347641468048,2,0,0,1.0
2019-06-10 00:00:00,0.7268224060535431,2,0,0,1.0
2019-06-11 00:00:00,0.7845686972141266,1,0,0,2.5
2019-06-12 00:00:00,0.7802855968475342,1,0,0,2.0
2019-06-13 00:00:00,0.558373898267746,1,0,0,2.0
2019-06-14 00:00:00,0.46372705698013306,1,0,0,0.5
2019-06-17 00:00:00,0.4101817309856415,1,0,0,0.5
2019-06-18 00:00:00,0.3842414617538452,1,0,0,0.5
2019-06-19 00:00:00,0.4395129978656769,1,0,0,0.5
2019-06-20 00:00:00,0.3752497434616089,1,0,0,0.5
2019-06-21 00:00:00,0.3321552872657776,1,0,0,0.5
2019-06-24 00:00:00,0.2946610152721405,1,0,0,0.0
2019-06-25 00:00:00,0.2851358950138092,1,0,0,0.0
2019-06-26 00:00:00,0.23212018609046936,1,0,0,0.0
2019-06-27 00:00:00,0.3160609006881714,1,0,0,0.0
2019-06-28 00:00:00,0.4723535478115082,1,0,0,0.5
2019-07-01 00:00:00,0.6657421588897705,1,0,0,0.5
2019-07-02 00:00:00,0.7906265556812286,1,0,0,0.5
2019-07-03 00:00:00,0.7576608657836914,1,0,0,0.5
2019-07-05 00:00:00,0.867704451084137,1,0,0,0.5
2019-07-08 00:00:00,0.8898748159408569,1,0,0,0.5
2019-07-09 00:00:00,0.7563535869121552,1,0,0,0.5
2019-07-10 00:00:00,0.7381881773471832,1,0,0,0.5
2019-07-11 00:00:00,0.667417973279953,1,0,0,0.0
2019-07-12 00:00:00,0.5534994900226593,1,0,0,0.0
2019-07-15 00:00:00,0.5743914544582367,1,0,0,0.0
2019-07-16 00:00:00,0.5270140469074249,1,0,0,0.0
2019-07-17 00:00:00,0.7045068144798279,1,0,0,0.0
2019-07-18 00:00:00,0.7283856570720673,1,0,0,0.0
2019-07-19 00:00:00,0.6161307394504547,1,0,0,0.0
2019-07-22 00:00:00,0.5822963714599609,1,0,0,0.0
2019-07-23 00:00:00,0.6139595210552216,2,0,0,0.5
2019-07-24 00:00:00,0.6324462294578552,2,0,0,0.5
2019-07-25 00:00:00,0.6629160642623901,2,0,0,0.5
2019-07-26 00:00:00,0.6534454822540283,2,0,0,0.5
2019-07-29 00:00:00,0.8251658976078033,2,0,0,0.5
2019-07-30 00:00:00,1.0485006868839264,3,0,0,2.0
2019-07-31 00:00:00,1.1126273274421692,5,0,0,8.0
2019-08-01 00:00:00,1.7651509046554565,7,0,0,18.0
2019-08-02 00:00:00,2.0510983765125275,8,0,0,24.5
2019-08-05 00:00:00,2.3216081857681274,8,0,0,24.5
2019-08-06 00:00:00,2.4242456257343292,9,0,0,32.0
2019-08-07 00:00:00,2.454917937517166,8,0,0,24.5
2019-08-08 00:00:00,2.4976052343845367,9,0,0,32.0
2019-08-09 00:00:00,2.336847245693207,8,0,0,24.5
2019-08-12 00:00:00,2.29813489317894,8,0,0,24.5
2019-08-13 00:00:00,2.374104917049408,8,0,0,24.5
2019-08-14 00:00:00,2.3373334407806396,8,0,0,24.5
2019-08-15 00:00:00,2.5616890490055084,9,0,0,32.0
2019-08-16 00:00:00,2.4769551753997803,9,0,0,32.0
2019-08-19 00:00:00,2.2734011113643646,8,0,0,24.5
2019-08-20 00:00:00,1.936000019311905,7,0,0,18.0
2019-08-21 00:00:00,1.5450131595134735,5,0,0,4.5
2019-08-22 00:00:00,1.2852754294872284,4,0,0,2.0
2019-08-23 00:00:00,1.090620070695877,3,0,0,0.5
2019-08-26 00:00:00,0.7531443536281586,2,0,0,0.0
2019-08-27 00:00:00,0.6240766048431396,1,0,0,0.5
2019-08-28 00:00:00,0.6562608182430267,2,0,0,0.5
2019-08-29 00:00:00,0.4512195587158203,2,0,0,4.5
2019-08-30 00:00:00,0.9765254259109497,2,0,0,12.5
2019-09-03 00:00:00,1.1968511641025543,2,0,0,18.0
2019-09-04 00:00:00,1.4388291835784912,1,0,0,24.5
2019-09-05 00:00:00,1.426792711019516,2,0,0,24.5
2019-09-06 00:00:00,1.3025546371936798,3,0,0,12.5
2019-09-09 00:00:00,1.3812355399131775,3,0,0,18.0
2019-09-10 00:00:00,1.2090351581573486,3,0,0,12.5
2019-09-11 00:00:00,1.2855976223945618,3,0,0,12.5
2019-09-12 00:00:00,1.3099978566169739,3,0,0,12.5
2019-09-13 00:00:00,1.3103887736797333,3,0,0,12.5
2019-09-16 00:00:00,1.48089998960495,3,0,0,18.0
2019-09-17 00:00:00,1.3910991847515106,3,0,0,18.0
2019-09-18 00:00:00,1.2790404558181763,3,0,0,12.5
2019-09-19 00:00:00,1.3256194591522217,2,0,0,12.5
2019-09-20 00:00:00,1.0433103740215302,2,0,0,4.5
2019-09-23 00:00:00,0.9350617527961731,2,0,0,2.0
2019-09-24 00:00:00,0.7038565874099731,2,0,0,0.5
2019-09-25 00:00:00,0.44977137446403503,2,0,0,0.0
2019-09-26 00:00:00,0.41975170373916626,2,0,0,0.5
2019-09-27 00:00:00,0.3537503182888031,2,0,0,0.0
2019-09-30 00:00:00,0.3657730519771576,2,0,0,0.0
2019-10-01 00:00:00,0.339908629655838,2,0,0,0.0
2019-10-02 00:00:00,0.25758641958236694,2,0,0,0.0
2019-10-03 00:00:00,0.36227020621299744,1,0,0,0.0
2019-10-04 00:00:00,0.5925734043121338,1,0,0,0.5
2019-10-07 00:00:00,0.886748731136322,1,0,0,2.0
2019-10-08 00:00:00,0.8260200619697571,1,0,0,2.0
2019-10-09 00:00:00,0.7906387448310852,1,0,0,2.0
2019-10-10 00:00:00,0.9081706702709198,1,0,0,2.0
2019-10-11 00:00:00,1.0937595665454865,1,0,0,2.0
2019-10-14 00:00:00,1.0492031574249268,1,0,0,2.0
2019-10-15 00:00:00,0.9958646893501282,1,0,0,2.0
2019-10-16 00:00:00,0.9309786856174469,1,0,0,2.0
2019-10-17 00:00:00,0.8193457424640656,1,0,0,2.0
2019-10-18 00:00:00,0.41256648302078247,2,0,0,0.0
2019-10-21 00:00:00,0.34643980860710144,2,0,0,0.0
2019-10-22 00:00:00,0.24555355310440063,2,0,0,0.0
2019-10-23 00:00:00,0.267836332321167,2,0,0,0.0
2019-10-24 00:00:00,0.2631174325942993,2,0,0,0.0
2019-10-25 00:00:00,0.25042590498924255,2,0,0,0.0
2019-10-28 00:00:00,0.37212496995925903,3,0,0,0.5
2019-10-29 00:00:00,0.4553726315498352,3,0,0,0.5
2019-10-30 00:00:00,0.6957455575466156,4,0,0,2.0
2019-10-31 00:00:00,0.8371755480766296,4,0,0,2.0
2019-11-01 00:00:00,1.0264787077903748,4,0,0,4.5
2019-11-04 00:00:00,1.2901644706726074,4,0,0,4.5
2019-11-05 00:00:00,1.6804266571998596,5,0,0,8.0
2019-11-06 00:00:00,1.6118851006031036,5,0,0,8.0
2019-11-07 00:00:00,1.8006179928779602,6,0,0,12.5
2019-11-08 00:00:00,1.9426397383213043,6,0,0,12.5
2019-11-11 00:00:00,1.9869360029697418,6,0,0,12.5
2019-11-12 00:00:00,1.849256694316864,6,0,0,12.5
2019-11-13 00:00:00,1.8222834765911102,6,0,0,12.5
2019-11-14 00:00:00,1.6976289749145508,6,0,0,12.5
2019-11-15 00:00:00,1.3692266941070557,5,0,0,8.0
2019-11-18 00:00:00,1.191430687904358,5,0,0,4.5
2019-11-19 00:00:00,0.9731656908988953,4,0,0,2.0
2019-11-20 00:00:00,0.6217811405658722,4,0,0,2.0
2019-11-21 00:00:00,0.44375723600387573,4,0,0,2.0
2019-11-22 00:00:00,0.4679853618144989,4,0,0,2.0
2019-11-25 00:00:00,0.3652404844760895,3,0,0,0.5
2019-11-26 00:00:00,0.738335132598877,3,0,0,0.0
2019-11-27 00:00:00,1.084113448858261,2,0,0,0.5
2019-11-29 00:00:00,1.4009824693202972,2,0,0,2.0
2019-12-02 00:00:00,1.6820103824138641,2,0,0,2.0
2019-12-03 00:00:00,1.7675010561943054,2,0,0,2.0
2019-12-04 00:00:00,2.1690629720687866,1,0,0,4.5
2019-12-05 00:00:00,2.493403047323227,1,0,0,8.0
2019-12-06 00:00:00,2.510534167289734,1,0,0,8.0
2019-12-09 00:00:00,2.789641708135605,1,0,0,12.5
2019-12-10 00:00:00,2.6636292934417725,1,0,0,12.5
2019-12-11 00:00:00,2.6043260991573334,1,0,0,12.5
2019-12-12 00:00:00,2.476743221282959,1,0,0,12.5
2019-12-13 00:00:00,2.4472633004188538,1,0,0,12.5
2019-12-16 00:00:00,2.353878974914551,1,0,0,12.5
2019-12-17 00:00:00,2.0974203050136566,1,0,0,8.0
2019-12-18 00:00:00,2.054184675216675,1,0,0,8.0
2019-12-19 00:00:00,1.8525381088256836,1,0,0,4.5
2019-12-20 00:00:00,2.1213022768497467,1,0,0,4.5
2019-12-23 00:00:00,2.2303950041532516,1,0,0,4.5
2019-12-24 00:00:00,2.336999863386154,1,0,0,4.5
2019-12-26 00:00:00,1.990581899881363,1,0,0,2.0
2019-12-27 00:00:00,1.8403168469667435,1,0,0,2.0
2019-12-30 00:00:00,1.5859365016222,1,0,0,0.5
2019-12-31 00:00:00,1.4191878288984299,1,0,0,0.5
2020-01-02 00:00:00,1.2871498465538025,1,0,0,0.5
2020-01-03 00:00:00,1.079181730747223,1,0,0,0.5
2020-01-06 00:00:00,0.7687875330448151,1,0,0,0.0
2020-01-07 00:00:00,0.7141330540180206,1,0,0,0.0
2020-01-08 00:00:00,0.7346445322036743,1,0,0,0.0
2020-01-09 00:00:00,0.7713728547096252,1,0,0,0.0
2020-01-10 00:00:00,0.7993588447570801,1,0,0,0.0
2020-01-13 00:00:00,0.8652326464653015,1,0,0,0.0
2020-01-14 00:00:00,0.8922380805015564,1,0,0,0.0
2020-01-15 00:00:00,0.9316119849681854,1,0,0,0.0
2020-01-16 00:00:00,0.9339791536331177,1,0,0,0.0
2020-01-17 00:00:00,0.9717579782009125,1,0,0,0.0
2020-01-21 00:00:00,0.9148875176906586,1,0,0,0.0
2020-01-22 00:00:00,0.7547072768211365,1,0,0,0.0
2020-01-23 00:00:00,0.24571073055267334,1,0,0,0.0
2020-01-24 00:00:00,0.563215360045433,1,0,0,0.0
2020-01-27 00:00:00,0.901700496673584,1,0,0,0.0
2020-01-28 00:00:00,1.4796415269374847,1,0,0,0.0
2020-01-29 00:00:00,1.80474092066288,1,0,0,0.0
2020-01-30 00:00:00,1.8155771344900131,1,0,0,0.0
2020-01-31 00:00:00,1.975206270813942,1,0,0,0.0
2020-02-03 00:00:00,2.106138288974762,2,0,0,0.5
2020-02-04 00:00:00,2.1428771913051605,2,0,0,0.5
2020-02-05 00:00:00,2.2994425892829895,2,0,0,0.5
2020-02-06 00:00:00,2.2657314240932465,2,0,0,0.5
2020-02-07 00:00:00,2.3403837978839874,2,0,0,0.5
2020-02-10 00:00:00,2.4370756447315216,2,0,0,0.5
2020-02-11 00:00:00,2.4524689316749573,2,0,0,0.5
2020-02-12 00:00:00,2.645793706178665,2,0,0,0.5
2020-02-13 00:00:00,2.7534758150577545,2,0,0,0.5
2020-02-14 00:00:00,2.9015920162200928,2,0,0,0.5
2020-02-18 00:00:00,3.2375825941562653,4,0,0,4.5
2020-02-19 00:00:00,3.389491021633148,4,0,0,4.5
2020-02-20 00:00:00,3.4263748228549957,4,0,0,4.5
2020-02-21 00:00:00,3.3986473083496094,6,0,0,12.5
2020-02-24 00:00:00,3.397102564573288,9,0,0,32.0
2020-02-25 00:00:00,3.2721422016620636,10,0,0,40.5
2020-02-26 00:00:00,3.2530360221862793,11,0,0,50.0
2020-02-27 00:00:00,3.0760571658611298,11,0,0,50.0
2020-02-28 00:00:00,2.964865744113922,12,0,0,60.5
2020-03-02 00:00:00,2.972945272922516,12,0,0,60.5
2020-03-03 00:00:00,2.805027812719345,12,0,0,60.5
2020-03-04 00:00:00,2.821141868829727,12,0,0,50.0
2020-03-05 00:00:00,4.320913171360411,14,0,0,72.0
2020-03-06 00:00:00,4.675423327926088,15,0,0,84.5
2020-03-09 00:00:00,4.996351823889768,17,0,0,112.5
2020-03-10 00:00:00,6.179230139338529,17,0,0,112.5
2020-03-11 00:00:00,7.059546873652494,18,0,0,128.0
2020-03-12 00:00:00,8.323406026446378,19,0,0,144.5
2020-03-13 00:00:00,9.128020077943802,19,0,0,144.5
2020-03-16 00:00:00,10.15458533167839,19,0,0,144.5
2020-03-17 00:00:00,11.211220800876617,19,0,0,144.5
2020-03-18 00:00:00,11.690864473581314,19,0,0,112.5
2020-03-19 00:00:00,12.459712356328964,20,0,0,128.0
2020-03-20 00:00:00,13.597214102745056,20,0,0,128.0
2020-03-23 00:00:00,14.294597208499908,20,0,0,98.0
2020-03-24 00:00:00,14.406860500574112,20,0,0,60.5
2020-03-25 00:00:00,14.406256139278412,20,0,0,50.0
2020-03-26 00:00:00,14.417923361063004,20,0,0,40.5
2020-03-27 00:00:00,14.436627000570297,20,0,0,40.5
2020-03-30 00:00:00,14.812749117612839,20,0,0,32.0
2020-03-31 00:00:00,15.134560316801071,20,0,0,32.0
2020-04-01 00:00:00,15.121064752340317,20,0,0,32.0
2020-04-02 00:00:00,13.967335313558578,20,0,0,32.0
2020-04-03 00:00:00,13.15354698896408,20,0,0,18.0
2020-04-06 00:00:00,12.427754342556,20,0,0,12.5
2020-04-07 00:00:00,10.919833272695541,20,0,0,4.5
2020-04-08 00:00:00,9.074878841638565,20,0,0,4.5
2020-04-09 00:00:00,7.337346762418747,20,0,0,2.0
2020-04-13 00:00:00,5.973269134759903,20,0,0,0.5
2020-04-14 00:00:00,5.110906392335892,20,0,0,0.5
2020-04-15 00:00:00,5.356687039136887,20,0,0,0.5
2020-04-16 00:00:00,5.512108355760574,20,0,0,0.5
2020-04-17 00:00:00,5.481819540262222,20,0,0,0.5
2020-04-20 00:00:00,5.740881443023682,20,0,0,0.0
2020-04-21 00:00:00,6.675890862941742,20,0,0,0.0
2020-04-22 00:00:00,7.726656198501587,20,0,0,0.0
2020-04-23 00:00:00,8.56599098443985,20,0,0,0.0
2020-04-24 00:00:00,8.930234253406525,20,0,0,0.0
2020-04-27 00:00:00,8.93389630317688,20,0,0,0.0
2020-04-28 00:00:00,9.72655200958252,20,0,0,0.0
2020-04-29 00:00:00,10.293471038341522,20,0,0,0.0
2020-04-30 00:00:00,10.868453443050385,20,0,0,0.0
2020-05-01 00:00:00,11.400377988815308,20,0,0,0.0
2020-05-04 00:00:00,10.513953387737274,20,0,0,0.0
2020-05-05 00:00:00,10.562288761138916,20,0,0,0.0
2020-05-06 00:00:00,10.505152583122253,20,0,0,0.0
2020-05-07 00:00:00,10.300543427467346,20,0,0,0.0
2020-05-08 00:00:00,9.85999220609665,20,0,0,0.0
2020-05-11 00:00:00,8.560345590114594,20,0,0,0.0
2020-05-12 00:00:00,7.930530309677124,20,0,0,0.0
2020-05-13 00:00:00,7.3079113364219666,20,0,0,0.0
2020-05-14 00:00:00,6.223777890205383,20,0,0,0.0
2020-05-15 00:00:00,5.415487468242645,20,0,0,0.0
2020-05-18 00:00:00,4.980556607246399,20,0,0,0.0
2020-05-19 00:00:00,4.300914883613586,20,0,0,0.0
2020-05-20 00:00:00,4.076423168182373,20,0,0,0.0
2020-05-21 00:00:00,3.410452961921692,20,0,0,0.0
2020-05-22 00:00:00,3.110247492790222,20,0,0,0.0
2020-05-26 00:00:00,3.2475115060806274,20,0,0,0.0
2020-05-27 00:00:00,3.344298243522644,20,0,0,0.0
2020-05-28 00:00:00,2.9659271240234375,20,0,0,0.0
2020-05-29 00:00:00,2.966551661491394,20,0,0,0.0
2020-06-01 00:00:00,2.88639235496521,20,0,0,0.0
2020-06-02 00:00:00,2.311836898326874,20,0,0,0.0
2020-06-03 00:00:00,2.1190725564956665,20,0,0,0.0
2020-06-04 00:00:00,2.091156780719757,20,0,0,0.0
2020-06-05 00:00:00,1.9037655591964722,20,0,0,0.0
2020-06-08 00:00:00,1.7328898310661316,20,0,0,0.0
2020-06-09 00:00:00,1.7833109498023987,20,0,0,0.0
2020-06-10 00:00:00,1.7436735033988953,20,0,0,0.0
2020-06-11 00:00:00,1.6747892498970032,20,0,0,0.0
2020-06-12 00:00:00,1.6003905832767487,19,0,0,0.5
2020-06-15 00:00:00,1.8662678897380829,19,0,0,0.5
2020-06-16 00:00:00,1.7859062254428864,18,0,0,2.0
2020-06-17 00:00:00,1.5478042662143707,18,0,0,2.0
2020-06-18 00:00:00,1.3562135696411133,18,0,0,2.0
2020-06-19 00:00:00,1.3299654424190521,17,0,0,4.5
2020-06-22 00:00:00,1.1932076513767242,17,0,0,4.5
2020-06-23 00:00:00,1.1640374958515167,15,0,0,12.5
2020-06-24 00:00:00,0.9413986504077911,15,0,0,12.5
2020-06-25 00:00:00,0.9604532718658447,14,0,0,18.0
2020-06-26 00:00:00,0.9959470331668854,15,0,0,12.5
2020-06-29 00:00:00,0.8289324939250946,15,0,0,12.5
2020-06-30 00:00:00,0.9516155123710632,13,0,0,24.5
2020-07-01 00:00:00,1.1663722395896912,12,0,0,32.0
2020-07-02 00:00:00,1.6163061261177063,11,0,0,40.5
2020-07-06 00:00:00,1.6383211016654968,11,0,0,40.5
2020-07-07 00:00:00,1.7415735125541687,10,0,0,50.0
2020-07-08 00:00:00,1.88124680519104,9,0,0,60.5
2020-07-09 00:00:00,2.512353241443634,9,0,0,60.5
2020-07-10 00:00:00,2.3888491094112396,9,0,0,60.5
2020-07-13 00:00:00,2.2295127511024475,10,0,0,50.0
2020-07-14 00:00:00,1.9763908088207245,9,0,0,50.0
2020-07-15 00:00:00,1.9530308842658997,9,0,0,50.0
2020-07-16 00:00:00,1.985292136669159,9,0,0,40.5
2020-07-17 00:00:00,1.9920796751976013,10,0,0,32.0
2020-07-20 00:00:00,1.9867365062236786,11,0,0,24.5
2020-07-21 00:00:00,1.924216866493225,10,0,0,24.5
2020-07-22 00:00:00,1.6055694818496704,11,0,0,18.0
2020-07-23 00:00:00,1.5172743201255798,10,0,0,12.5
2020-07-24 00:00:00,1.371763825416565,11,0,0,8.0
2020-07-27 00:00:00,1.1013837456703186,13,0,0,0.5
2020-07-28 00:00:00,0.9615742266178131,13,0,0,2.0
2020-07-29 00:00:00,0.8546459376811981,14,0,0,0.5
2020-07-30 00:00:00,0.8846541047096252,14,0,0,0.5
2020-07-31 00:00:00,0.788086473941803,15,0,0,4.5
2020-08-03 00:00:00,0.9038739800453186,15,0,0,8.0
2020-08-04 00:00:00,0.9537612795829773,15,0,0,8.0
2020-08-05 00:00:00,0.9519675970077515,15,0,0,12.5
2020-08-06 00:00:00,0.8604273200035095,15,0,0,18.0
2020-08-07 00:00:00,0.8580790162086487,15,0,0,18.0
2020-08-10 00:00:00,0.6675121486186981,14,0,0,12.5
2020-08-11 00:00:00,0.4743351936340332,14,0,0,8.0
2020-08-12 00:00:00,0.24208810925483704,11,0,0,2.0
2020-08-13 00:00:00,0.21056127548217773,9,0,0,0.0
2020-08-14 00:00:00,0.4995342493057251,8,0,0,0.5
2020-08-17 00:00:00,0.6898142993450165,7,0,0,4.5
2020-08-18 00:00:00,0.8276867270469666,7,0,0,8.0
2020-08-19 00:00:00,0.8710026443004608,7,0,0,4.5
2020-08-20 00:00:00,0.9897049069404602,6,0,0,12.5
2020-08-21 00:00:00,1.0781012773513794,5,0,0,12.5
2020-08-24 00:00:00,1.3109042942523956,4,0,0,24.5
2020-08-25 00:00:00,1.5331382155418396,3,0,0,50.0
2020-08-26 00:00:00,1.6681044697761536,3,0,0,50.0
2020-08-27 00:00:00,1.9456490576267242,3,0,0,60.5
2020-08-28 00:00:00,2.013956129550934,3,0,0,60.5
2020-08-31 00:00:00,2.1429638266563416,3,0,0,72.0
2020-09-01 00:00:00,2.2715267539024353,3,0,0,72.0
2020-09-02 00:00:00,2.3513210713863373,3,0,0,72.0
2020-09-03 00:00:00,2.1835993230342865,4,0,0,60.5
2020-09-04 00:00:00,2.259406626224518,4,0,0,60.5
2020-09-08 00:00:00,2.173004060983658,4,0,0,60.5
2020-09-09 00:00:00,2.0016250014305115,4,0,0,50.0
2020-09-10 00:00:00,1.6517486572265625,3,1,0,61.0
2020-09-11 00:00:00,0.9871565997600555,4,1,0,25.0
2020-09-14 00:00:00,0.55379319190979,4,3,0,17.0
2020-09-15 00:00:00,0.3218877613544464,4,3,0,12.5
2020-09-16 00:00:00,0.34644466638565063,4,3,0,9.0
2020-09-17 00:00:00,0.5384758412837982,5,3,0,6.5
2020-09-18 00:00:00,0.597025066614151,5,2,0,4.0
2020-09-21 00:00:00,0.7004887759685516,6,2,0,2.0
2020-09-22 00:00:00,0.7792438268661499,6,2,0,2.5
2020-09-23 00:00:00,0.8702006638050079,6,0,0,2.0
2020-09-24 00:00:00,0.9200279414653778,6,0,0,4.5
2020-09-25 00:00:00,0.9871598780155182,6,0,0,4.5
2020-09-28 00:00:00,1.0439241826534271,5,1,0,2.5
2020-09-29 00:00:00,1.0888429880142212,5,2,0,4.0
2020-09-30 00:00:00,0.8718967437744141,4,2,0,2.5
2020-10-01 00:00:00,0.8012988567352295,4,2,0,2.5
2020-10-02 00:00:00,0.6798689067363739,3,2,0,2.0
2020-10-05 00:00:00,0.6497826278209686,3,1,0,1.0
2020-10-06 00:00:00,0.6171174347400665,3,2,0,2.5
2020-10-07 00:00:00,0.49592313170433044,3,0,0,0.5
2020-10-08 00:00:00,0.44172558188438416,3,0,0,0.5
2020-10-09 00:00:00,0.389639288187027,3,0,0,0.5
2020-10-12 00:00:00,0.3738522529602051,3,0,0,1.0
2020-10-13 00:00:00,0.4764762818813324,3,0,0,5.0
2020-10-14 00:00:00,0.614627480506897,3,0,0,5.0
2020-10-15 00:00:00,0.890652984380722,1,0,0,9.0
2020-10-16 00:00:00,1.1399856805801392,1,0,0,12.5
2020-10-19 00:00:00,1.1239200234413147,1,0,0,10.0
2020-10-20 00:00:00,1.0822543799877167,2,0,0,10.0
2020-10-21 00:00:00,1.173903226852417,2,0,0,10.0
2020-10-22 00:00:00,0.9591779410839081,2,1,0,8.5
2020-10-23 00:00:00,0.7671954333782196,2,1,0,8.5
2020-10-26 00:00:00,0.6160448789596558,3,1,0,5.0
2020-10-27 00:00:00,0.5513303279876709,4,1,0,0.5
2020-10-28 00:00:00,0.5648360848426819,5,1,0,0.5
2020-10-29 00:00:00,0.5127071440219879,6,0,0,4.0
2020-10-30 00:00:00,0.4903464615345001,7,0,0,6.5
2020-11-02 00:00:00,0.8881562352180481,8,0,0,14.5
2020-11-03 00:00:00,1.1835014522075653,9,0,0,18.5
2020-11-04 00:00:00,1.2702546417713165,9,0,0,20.0
2020-11-05 00:00:00,2.487979829311371,10,0,0,24.5
2020-11-06 00:00:00,2.6800964772701263,11,0,0,32.0
2020-11-09 00:00:00,2.9724960327148438,12,0,0,40.5
2020-11-10 00:00:00,2.9486766159534454,12,0,0,40.5
2020-11-11 00:00:00,2.9089465737342834,16,0,0,84.5
2020-11-12 00:00:00,2.9605910181999207,16,0,0,84.5
2020-11-13 00:00:00,3.41818904876709,16,0,0,112.5
2020-11-16 00:00:00,3.385154664516449,15,0,0,98.0
2020-11-17 00:00:00,3.1497034430503845,14,0,0,84.5
2020-11-18 00:00:00,2.9149178862571716,13,0,0,60.5
2020-11-19 00:00:00,3.1320041716098785,13,0,0,60.5
2020-11-20 00:00:00,2.9920471906661987,14,0,0,72.5
2020-11-23 00:00:00,2.4960942566394806,13,0,0,61.0
2020-11-24 00:00:00,2.065945953130722,11,0,0,32.5
2020-11-25 00:00:00,1.9069901406764984,10,1,0,18.0
2020-11-27 00:00:00,1.8036032915115356,9,1,0,8.0
2020-11-30 00:00:00,1.583686739206314,9,1,0,5.0
2020-12-01 00:00:00,1.2658877670764923,7,1,0,0.5
2020-12-02 00:00:00,1.105040729045868,6,1,0,2.5
2020-12-03 00:00:00,1.2653929591178894,6,0,0,4.5
2020-12-04 00:00:00,1.2089485228061676,5,0,0,8.0
2020-12-07 00:00:00,2.618924766778946,4,0,0,18.0
2020-12-08 00:00:00,2.895383834838867,3,0,0,32.0
2020-12-09 00:00:00,3.140505373477936,3,0,0,40.5
2020-12-10 00:00:00,3.1182261407375336,3,0,0,40.5
2020-12-11 00:00:00,3.1435790061950684,2,0,0,98.0
2020-12-14 00:00:00,3.163639724254608,2,0,0,98.0
2020-12-15 00:00:00,3.4357113242149353,2,0,0,98.0
2020-12-16 00:00:00,3.4010447561740875,2,0,0,84.5
2020-12-17 00:00:00,3.120545506477356,2,0,0,72.0
2020-12-18 00:00:00,3.0820448100566864,2,0,0,60.5
2020-12-21 00:00:00,3.363354504108429,1,1,0,72.5
2020-12-22 00:00:00,3.663961499929428,1,0,0,84.5
2020-12-23 00:00:00,3.306848704814911,1,0,0,72.0
2020-12-24 00:00:00,3.2600537538528442,1,0,0,50.0
2020-12-28 00:00:00,3.4190568923950195,1,0,0,41.0
2020-12-29 00:00:00,3.4560450315475464,1,0,0,32.5
2020-12-30 00:00:00,3.309300035238266,2,0,0,25.0
2020-12-31 00:00:00,2.9801270067691803,2,0,0,13.0
2021-01-04 00:00:00,2.504662185907364,3,0,0,5.0
2021-01-05 00:00:00,2.3024008870124817,3,0,0,4.5
2021-01-06 00:00:00,1.2189641892910004,3,0,0,2.0
2021-01-07 00:00:00,1.1766972839832306,3,0,0,0.5
2021-01-08 00:00:00,1.019245445728302,3,0,0,0.0
2021-01-11 00:00:00,1.0403588712215424,3,0,0,0.0
2021-01-12 00:00:00,0.9959293901920319,3,0,0,0.0
2021-01-13 00:00:00,0.885259747505188,3,0,0,0.5
2021-01-14 00:00:00,0.7709496021270752,3,0,0,0.5
2021-01-15 00:00:00,0.6864156723022461,3,0,0,0.5
2021-01-19 00:00:00,0.6735804975032806,3,0,0,0.5
2021-01-20 00:00:00,0.6954120099544525,3,0,0,0.5
2021-01-21 00:00:00,0.5966585874557495,3,0,0,0.5
2021-01-22 00:00:00,0.3951396048069,3,0,0,2.5
2021-01-25 00:00:00,1.0177416503429413,4,0,0,4.5
2021-01-26 00:00:00,1.4705516695976257,5,0,0,8.0
2021-01-27 00:00:00,2.1712829768657684,7,0,0,18.0
2021-01-28 00:00:00,2.577969044446945,9,0,0,32.0
2021-01-29 00:00:00,2.594269037246704,9,0,0,32.0
2021-02-01 00:00:00,2.571817100048065,9,0,0,24.5
2021-02-02 00:00:00,2.461024284362793,9,0,0,24.5
2021-02-03 00:00:00,2.2500906586647034,9,0,0,18.0
2021-02-04 00:00:00,2.1705430448055267,9,0,0,18.0
2021-02-05 00:00:00,2.1585378646850586,8,0,0,12.5
2021-02-08 00:00:00,2.187860608100891,9,0,0,18.0
2021-02-09 00:00:00,2.187199681997299,10,0,0,24.5
2021-02-10 00:00:00,2.124425619840622,9,1,0,18.5
2021-02-11 00:00:00,2.1599593460559845,10,1,0,25.0
2021-02-12 00:00:00,2.033989131450653,10,1,0,25.0
2021-02-16 00:00:00,1.9465836584568024,10,0,0,24.5
2021-02-17 00:00:00,1.9638709127902985,10,0,0,24.5
2021-02-18 00:00:00,2.1495319306850433,11,0,0,32.0
2021-02-19 00:00:00,2.214709997177124,12,0,0,40.5
2021-02-22 00:00:00,2.1787045300006866,11,0,0,32.0
2021-02-23 00:00:00,1.6780410408973694,11,0,0,32.0
2021-02-24 00:00:00,1.5274963676929474,11,0,0,24.5
2021-02-25 00:00:00,1.0530797243118286,11,0,0,18.0
2021-02-26 00:00:00,0.6442876160144806,10,0,0,4.5
2021-03-01 00:00:00,0.5548290610313416,10,0,0,0.5
2021-03-02 00:00:00,0.4934719204902649,10,0,0,0.5
2021-03-03 00:00:00,0.4615573585033417,10,0,0,0.5
2021-03-04 00:00:00,0.364529550075531,11,0,0,2.0
2021-03-05 00:00:00,0.5197969973087311,14,0,0,12.5
2021-03-08 00:00:00,0.5438504815101624,15,0,0,18.0
2021-03-09 00:00:00,0.5876162648200989,15,0,0,24.5
2021-03-10 00:00:00,0.3853924870491028,13,0,0,8.0
2021-03-11 00:00:00,0.4338192939758301,15,0,0,12.5
2021-03-12 00:00:00,0.44431179761886597,14,0,0,13.0
2021-03-15 00:00:00,0.4204920530319214,15,0,0,13.0
2021-03-16 00:00:00,0.5765538513660431,17,0,0,25.0
2021-03-17 00:00:00,0.5421056747436523,15,0,0,12.5
2021-03-18 00:00:00,0.4203706383705139,14,0,0,8.0
2021-03-19 00:00:00,0.37316033244132996,14,0,0,4.5
2021-03-22 00:00:00,0.38881629705429077,14,0,0,2.0
2021-03-23 00:00:00,0.4398132264614105,12,0,0,0.5
2021-03-24 00:00:00,0.27099522948265076,12,0,0,0.5
2021-03-25 00:00:00,0.43742814660072327,10,0,0,0.5
2021-03-26 00:00:00,0.47648873925209045,11,0,0,0.0
2021-03-29 00:00:00,0.7215473353862762,7,0,0,4.5
2021-03-30 00:00:00,0.7315552830696106,6,0,0,8.0
2021-03-31 00:00:00,0.7970585823059082,5,1,0,13.0
2021-04-01 00:00:00,1.0065372288227081,4,0,0,18.0
2021-04-05 00:00:00,1.1911693811416626,4,0,0,24.5
2021-04-06 00:00:00,1.7188518941402435,4,0,0,50.0
2021-04-07 00:00:00,1.8664796352386475,4,0,0,60.5
2021-04-08 00:00:00,1.9330594539642334,3,0,0,72.0
2021-04-09 00:00:00,1.8891086876392365,3,0,0,50.0
2021-04-12 00:00:00,2.038792461156845,3,0,0,72.0
2021-04-13 00:00:00,2.0523039400577545,3,0,0,60.5
2021-04-14 00:00:00,2.410239189863205,2,0,0,84.5
2021-04-15 00:00:00,2.6693855226039886,2,0,0,112.5
2021-04-16 00:00:00,2.650836229324341,2,0,0,84.5
2021-04-19 00:00:00,2.502349406480789,2,0,0,72.0
2021-04-20 00:00:00,2.5188829004764557,2,0,0,72.0
2021-04-21 00:00:00,2.7176012992858887,2,0,0,72.0
2021-04-22 00:00:00,2.7126771807670593,1,0,0,60.5
2021-04-23 00:00:00,2.7390336990356445,1,0,0,60.5
2021-04-26 00:00:00,2.54522842168808,1,0,0,40.5
2021-04-27 00:00:00,2.492851436138153,1,0,0,50.0
2021-04-28 00:00:00,2.0694635808467865,1,0,0,18.0
2021-04-29 00:00:00,1.9211927354335785,1,0,0,12.5
2021-04-30 00:00:00,1.6897276043891907,1,0,0,8.5
2021-05-03 00:00:00,1.3857079148292542,1,0,0,4.5
2021-05-04 00:00:00,1.1277484595775604,1,0,0,4.5
2021-05-05 00:00:00,0.7279722988605499,1,0,0,4.5
2021-05-06 00:00:00,0.6691455245018005,1,0,0,4.5
2021-05-07 00:00:00,0.5950465202331543,1,0,0,2.0
2021-05-10 00:00:00,0.5561809539794922,2,0,0,0.5
2021-05-11 00:00:00,0.5345778465270996,2,0,0,0.5
2021-05-12 00:00:00,0.6096724271774292,2,1,0,1.0
2021-05-13 00:00:00,0.8270890712738037,2,2,0,2.0
2021-05-14 00:00:00,0.8108105659484863,2,1,0,0.5
2021-05-17 00:00:00,0.85170578956604,2,1,0,0.5
2021-05-18 00:00:00,0.8038987517356873,2,1,0,0.5
2021-05-19 00:00:00,0.881954550743103,2,0,0,0.0
2021-05-20 00:00:00,1.020127683877945,2,0,0,0.0
2021-05-21 00:00:00,1.0766719579696655,2,0,0,0.5
2021-05-24 00:00:00,0.9272191524505615,2,0,0,0.5
2021-05-25 00:00:00,0.7777058482170105,2,0,0,0.5
2021-05-26 00:00:00,0.5387889444828033,2,0,0,0.5
2021-05-27 00:00:00,0.4837040603160858,2,0,0,0.5
2021-05-28 00:00:00,0.39335334300994873,2,0,0,0.5
2021-06-01 00:00:00,0.2144888937473297,2,0,0,0.5
2021-06-02 00:00:00,0.3844815194606781,2,0,0,0.5
2021-06-03 00:00:00,0.5006002485752106,2,0,0,0.5
2021-06-04 00:00:00,0.7358375787734985,2,0,0,0.5
2021-06-07 00:00:00,0.8434171378612518,2,0,0,0.5
2021-06-08 00:00:00,0.9589318335056305,1,0,0,0.0
2021-06-09 00:00:00,1.3330649137496948,1,0,0,0.5
2021-06-10 00:00:00,1.5418334603309631,1,0,0,0.5
2021-06-11 00:00:00,1.5962929725646973,1,0,0,1.0
2021-06-14 00:00:00,1.7354466915130615,1,0,0,2.5
2021-06-15 00:00:00,1.4372996091842651,1,0,0,1.0
2021-06-16 00:00:00,1.3521117568016052,1,0,0,1.0
2021-06-17 00:00:00,1.159171611070633,1,0,0,1.0
2021-06-18 00:00:00,1.3030928671360016,1,0,0,0.5
2021-06-21 00:00:00,1.4075321853160858,1,0,0,0.5
2021-06-22 00:00:00,1.3791490495204926,1,0,0,0.5
2021-06-23 00:00:00,1.2198562026023865,1,0,0,0.5
2021-06-24 00:00:00,0.9874387383460999,1,0,0,0.5
2021-06-25 00:00:00,0.9901788234710693,1,0,0,0.5
2021-06-28 00:00:00,1.0197712182998657,1,0,0,0.5
2021-06-29 00:00:00,0.9766730666160583,1,0,0,0.5
2021-06-30 00:00:00,1.001506507396698,1,0,0,0.5
2021-07-01 00:00:00,1.0225829780101776,1,0,0,0.5
2021-07-02 00:00:00,1.07355597615242,1,0,0,0.5
2021-07-06 00:00:00,0.9562438726425171,1,0,0,0.5
2021-07-07 00:00:00,0.9652719497680664,1,0,0,0.5
2021-07-08 00:00:00,0.762742280960083,1,0,0,0.0
2021-07-09 00:00:00,0.5861204266548157,1,0,0,0.0
2021-07-12 00:00:00,0.4319581985473633,1,0,0,0.0
2021-07-13 00:00:00,0.4660220742225647,1,0,0,0.0
2021-07-14 00:00:00,0.4524272084236145,1,0,0,0.0
2021-07-15 00:00:00,0.4480445981025696,1,0,0,0.0
2021-07-16 00:00:00,0.4652120769023895,1,0,0,0.0
2021-07-19 00:00:00,0.4882279932498932,1,0,0,0.0
2021-07-20 00:00:00,0.38000544905662537,1,0,0,0.0
2021-07-21 00:00:00,0.4264855682849884,1,0,0,0.0
2021-07-22 00:00:00,0.37293508648872375,1,0,0,0.0
2021-07-23 00:00:00,0.38330385088920593,1,0,0,0.0
2021-07-26 00:00:00,0.4304957687854767,1,0,0,0.0
2021-07-27 00:00:00,0.3725537657737732,1,0,0,0.0
2021-07-28 00:00:00,0.4024955630302429,1,0,0,0.0
2021-07-29 00:00:00,0.620179146528244,1,0,0,0.0
2021-07-30 00:00:00,0.8570525348186493,1,0,0,0.0
2021-08-02 00:00:00,1.1443206369876862,1,0,0,0.0
2021-08-03 00:00:00,1.2947291731834412,1,0,0,0.0
2021-08-04 00:00:00,1.3764196634292603,1,0,0,0.0
2021-08-05 00:00:00,1.4858012795448303,1,0,0,0.0
2021-08-06 00:00:00,1.6167216897010803,1,0,0,0.0
2021-08-09 00:00:00,1.5226254165172577,1,0,0,0.0
2021-08-10 00:00:00,1.4881078600883484,1,0,0,0.0
2021-08-11 00:00:00,1.316670000553131,1,0,0,0.0
2021-08-12 00:00:00,1.21041139960289,1,0,0,0.0
2021-08-13 00:00:00,1.0690723061561584,1,0,0,0.0
2021-08-16 00:00:00,0.9477934241294861,1,0,0,0.0
2021-08-17 00:00:00,0.7581720948219299,1,0,0,0.0
2021-08-18 00:00:00,0.567696213722229,1,0,0,0.0
2021-08-19 00:00:00,0.556109756231308,1,0,0,0.0
2021-08-20 00:00:00,0.5088831782341003,1,0,0,0.0
2021-08-23 00:00:00,0.40612220764160156,1,0,0,0.0
2021-08-24 00:00:00,0.3091406524181366,1,0,0,0.0
2021-08-25 00:00:00,0.11346670985221863,1,0,0,0.0
2021-08-26 00:00:00,0.16961953043937683,1,0,0,0.0
2021-08-27 00:00:00,0.45402082800865173,1,0,0,0.0
2021-08-30 00:00:00,0.6840044558048248,1,0,0,0.0
2021-08-31 00:00:00,0.8725183308124542,1,0,0,0.0
2021-09-01 00:00:00,1.2387435138225555,1,0,0,0.0
2021-09-02 00:00:00,1.3168992698192596,1,0,0,0.0
2021-09-03 00:00:00,1.3948776423931122,1,0,0,0.0
2021-09-07 00:00:00,1.448246031999588,1,0,0,0.0
2021-09-08 00:00:00,1.4006503820419312,1,0,0,0.0
2021-09-09 00:00:00,1.3068960309028625,1,0,0,0.0
2021-09-10 00:00:00,1.1693682968616486,1,0,0,0.0
2021-09-13 00:00:00,1.003983736038208,1,0,0,0.0
2021-09-14 00:00:00,0.9458886981010437,1,0,0,0.0
2021-09-15 00:00:00,0.8433459103107452,1,0,0,0.0
2021-09-16 00:00:00,0.6703380942344666,1,0,0,0.0
2021-09-17 00:00:00,0.5907748639583588,1,0,0,0.0
2021-09-20 00:00:00,0.649662584066391,1,0,0,0.0
2021-09-21 00:00:00,0.5881168842315674,1,0,0,0.0
2021-09-22 00:00:00,0.467995822429657,1,0,0,0.0
2021-09-23 00:00:00,0.3296296000480652,1,0,0,0.0
2021-09-24 00:00:00,0.1979573369026184,1,0,0,0.0
2021-09-27 00:00:00,0.2562203109264374,1,0,0,0.0
2021-09-28 00:00:00,0.37860843539237976,1,0,0,0.0
2021-09-29 00:00:00,0.5046154260635376,1,0,0,0.0
2021-09-30 00:00:00,0.6999779045581818,1,0,0,0.0
2021-10-01 00:00:00,0.9098950028419495,1,0,0,0.0
2021-10-04 00:00:00,0.8490512371063232,1,0,0,0.0
2021-10-05 00:00:00,0.8534700274467468,1,0,0,0.0
2021-10-06 00:00:00,0.8049891293048859,1,0,0,0.0
2021-10-07 00:00:00,0.8238824307918549,1,0,0,0.0
2021-10-08 00:00:00,0.7563599944114685,1,0,0,0.0
2021-10-11 00:00:00,0.7226681411266327,1,0,0,0.0
2021-10-12 00:00:00,0.8360218703746796,1,0,0,0.0
2021-10-13 00:00:00,0.8578842878341675,1,0,0,0.0
2021-10-14 00:00:00,0.710351973772049,1,0,0,0.0
2021-10-15 00:00:00,0.6989734172821045,1,0,0,0.0
2021-10-18 00:00:00,0.7963009476661682,1,0,0,0.0
2021-10-19 00:00:00,1.0026609003543854,1,0,0,0.0
2021-10-20 00:00:00,1.0351935923099518,1,0,0,0.0
2021-10-21 00:00:00,0.9482901692390442,1,0,0,0.0
2021-10-22 00:00:00,0.8544617891311646,1,0,0,0.0
2021-10-25 00:00:00,0.8576587438583374,2,0,0,0.5
2021-10-26 00:00:00,0.8080360889434814,2,0,0,0.5
2021-10-27 00:00:00,0.6686575710773468,2,0,0,0.5
2021-10-28 00:00:00,0.7087749540805817,2,0,0,0.5
2021-10-29 00:00:00,0.7253524363040924,3,0,0,2.0
2021-11-01 00:00:00,0.8707541227340698,3,0,0,2.0
2021-11-02 00:00:00,1.0909826755523682,4,0,0,4.5
2021-11-03 00:00:00,1.2698912024497986,5,0,0,8.0
2021-11-04 00:00:00,1.3505178689956665,5,0,0,8.0
2021-11-05 00:00:00,1.3414659202098846,5,0,0,8.0
2021-11-08 00:00:00,1.5024018585681915,5,0,0,8.0
2021-11-09 00:00:00,1.5004209578037262,5,0,0,8.0
2021-11-10 00:00:00,1.2974265813827515,5,0,0,8.0
2021-11-11 00:00:00,1.4248602986335754,5,0,0,8.0
2021-11-12 00:00:00,1.483276218175888,4,0,0,4.5
2021-11-15 00:00:00,1.2270452678203583,5,0,0,8.0
2021-11-16 00:00:00,1.098617672920227,5,0,0,8.0
2021-11-17 00:00:00,1.0177501440048218,5,0,0,8.0
2021-11-18 00:00:00,1.0832125544548035,5,0,0,8.0
2021-11-19 00:00:00,1.1949678659439087,5,0,0,8.0
2021-11-22 00:00:00,1.048251986503601,4,0,0,4.5
2021-11-23 00:00:00,1.0716336369514465,5,0,0,4.5
2021-11-24 00:00:00,1.0504950284957886,5,0,0,4.5
2021-11-26 00:00:00,1.0997091829776764,6,0,0,8.0
2021-11-29 00:00:00,0.9810929894447327,5,0,0,4.5
2021-11-30 00:00:00,0.9104323089122772,5,0,0,2.0
2021-12-01 00:00:00,0.7136072814464569,5,0,0,2.0
2021-12-02 00:00:00,0.3575729429721832,4,0,0,0.0
2021-12-03 00:00:00,0.2495943307876587,4,0,0,0.5
2021-12-06 00:00:00,0.23220223188400269,4,0,0,0.5
2021-12-07 00:00:00,0.26185664534568787,4,0,0,0.5
2021-12-08 00:00:00,0.2905215322971344,4,0,0,0.5
2021-12-09 00:00:00,0.3885746896266937,4,0,0,0.5
2021-12-10 00:00:00,0.3996378779411316,4,0,0,0.5
2021-12-13 00:00:00,0.3334268033504486,4,0,0,0.5
2021-12-14 00:00:00,0.3085685074329376,4,0,0,0.0
2021-12-15 00:00:00,0.3925195634365082,5,0,0,0.0
2021-12-16 00:00:00,0.3864126205444336,3,0,0,2.0
2021-12-17 00:00:00,0.40125226974487305,2,0,0,4.5
2021-12-20 00:00:00,0.196681410074234,2,1,0,5.0
2021-12-21 00:00:00,0.3252045214176178,2,1,0,5.0
2021-12-22 00:00:00,0.4891037046909332,1,1,0,5.0
2021-12-23 00:00:00,0.8751557469367981,1,1,0,8.5
2021-12-27 00:00:00,1.1217144429683685,1,1,0,8.5
2021-12-28 00:00:00,1.374523103237152,1,1,0,13.0
2021-12-29 00:00:00,1.611064001917839,1,0,0,8.0
2021-12-30 00:00:00,1.603320762515068,2,0,0,4.5
2021-12-31 00:00:00,1.5048721879720688,2,0,0,4.5
2022-01-03 00:00:00,1.201252356171608,3,0,0,0.5
2022-01-04 00:00:00,1.1613748222589493,3,0,0,0.5
2022-01-05 00:00:00,1.0019161850214005,3,0,0,0.5
2022-01-06 00:00:00,0.8691919296979904,3,0,0,0.5
2022-01-07 00:00:00,0.9318030327558517,2,0,0,2.0
2022-01-10 00:00:00,1.1322819143533707,3,0,0,0.5
2022-01-11 00:00:00,1.0865437239408493,2,0,0,2.0
2022-01-12 00:00:00,1.131903126835823,1,0,0,4.5
2022-01-13 00:00:00,1.194499596953392,1,1,0,5.0
2022-01-14 00:00:00,1.3998359590768814,1,1,0,8.5
2022-01-18 00:00:00,1.329702451825142,1,1,0,2.5
2022-01-19 00:00:00,1.179902508854866,2,1,0,0.5
2022-01-20 00:00:00,0.7567519396543503,2,1,0,0.0
2022-01-21 00:00:00,0.5067769140005112,3,1,0,0.5
2022-01-24 00:00:00,0.6098098307847977,4,1,0,4.5
2022-01-25 00:00:00,0.847596287727356,5,1,0,8.0
2022-01-26 00:00:00,1.4611676037311554,6,1,0,12.5
2022-01-27 00:00:00,2.278737187385559,9,0,0,32.5
2022-01-28 00:00:00,2.498582199215889,9,0,0,32.0
2022-01-31 00:00:00,2.341650977730751,9,0,0,24.5
2022-02-01 00:00:00,2.4122326523065567,11,0,0,40.5
2022-02-02 00:00:00,2.3338271230459213,11,0,0,32.0
2022-02-03 00:00:00,2.2108887284994125,11,0,0,32.0
2022-02-04 00:00:00,2.052346631884575,12,0,0,40.5
2022-02-07 00:00:00,1.968673124909401,12,0,0,40.5
2022-02-08 00:00:00,2.230321392416954,12,0,0,50.0
2022-02-09 00:00:00,2.2234935611486435,11,0,0,32.0
2022-02-10 00:00:00,2.085835352540016,9,0,0,24.5
2022-02-11 00:00:00,2.1499080806970596,9,0,0,32.0
2022-02-14 00:00:00,2.1926060765981674,9,0,0,32.5
2022-02-15 00:00:00,2.4045344442129135,11,0,0,50.5
2022-02-16 00:00:00,2.2999501675367355,10,0,0,41.0
2022-02-17 00:00:00,2.084378406405449,11,0,0,41.0
2022-02-18 00:00:00,1.7408279925584793,8,0,0,18.5
2022-02-22 00:00:00,1.6508896797895432,9,0,0,18.5
2022-02-23 00:00:00,1.3473620861768723,9,0,0,13.0
2022-02-24 00:00:00,1.3058204650878906,9,0,0,8.5
2022-02-25 00:00:00,1.100828379392624,10,0,0,8.5
2022-02-28 00:00:00,0.6517910361289978,11,0,0,2.0
2022-03-01 00:00:00,0.5771094858646393,10,0,0,0.5
2022-03-02 00:00:00,0.5318811237812042,10,0,0,0.5
2022-03-03 00:00:00,0.6141320765018463,10,0,0,0.5
2022-03-04 00:00:00,0.6929419636726379,11,0,0,0.0
2022-03-07 00:00:00,0.8755131363868713,12,0,0,0.5
2022-03-08 00:00:00,0.959782749414444,12,0,0,0.0
2022-03-09 00:00:00,0.9744046926498413,12,0,0,0.0
2022-03-10 00:00:00,0.8796088993549347,13,0,0,0.5
2022-03-11 00:00:00,0.7810594141483307,12,0,0,0.5
2022-03-14 00:00:00,1.0233556628227234,13,0,0,8.0
2022-03-15 00:00:00,0.9760104417800903,14,0,0,12.5
2022-03-16 00:00:00,0.7405407428741455,12,0,0,4.5
2022-03-17 00:00:00,0.6533110737800598,12,0,0,0.5
2022-03-18 00:00:00,0.6813776791095734,12,0,0,2.0
2022-03-21 00:00:00,0.7287382781505585,12,0,0,0.5
2022-03-22 00:00:00,0.8377332985401154,11,0,0,4.5
2022-03-23 00:00:00,0.7838212251663208,9,0,0,0.0
2022-03-24 00:00:00,0.6401528120040894,8,0,0,0.5
2022-03-25 00:00:00,0.7576466500759125,7,0,0,2.0
2022-03-28 00:00:00,1.1296330988407135,6,0,0,8.0
2022-03-29 00:00:00,1.1771391928195953,6,0,0,12.5
2022-03-30 00:00:00,1.1365391314029694,5,0,0,12.5
2022-03-31 00:00:00,1.3602225482463837,4,0,0,18.0
2022-04-01 00:00:00,1.756622076034546,3,0,0,24.5
2022-04-04 00:00:00,1.9807749688625336,3,0,0,32.0
2022-04-05 00:00:00,2.071942925453186,3,0,0,40.5
2022-04-06 00:00:00,2.187984585762024,3,0,0,40.5
2022-04-07 00:00:00,2.163552761077881,2,0,0,50.0
2022-04-08 00:00:00,2.3236565589904785,2,0,0,60.5
2022-04-11 00:00:00,2.4698644876480103,1,0,0,60.5
2022-04-12 00:00:00,2.6133276522159576,1,0,0,72.0
2022-04-13 00:00:00,2.596188008785248,1,0,0,84.5
2022-04-14 00:00:00,2.3590185046195984,1,0,0,60.5
2022-04-18 00:00:00,1.9598154425621033,2,1,0,50.5
2022-04-19 00:00:00,1.7956379652023315,3,1,0,41.0
2022-04-20 00:00:00,1.4374857246875763,4,1,0,32.5
2022-04-21 00:00:00,1.1521061956882477,4,0,0,24.5
2022-04-22 00:00:00,0.7744679152965546,5,0,0,8.0
2022-04-25 00:00:00,0.40228721499443054,5,0,0,4.5
2022-04-26 00:00:00,0.4850597083568573,6,0,0,0.5
2022-04-27 00:00:00,0.6934424340724945,7,0,0,0.5
2022-04-28 00:00:00,0.6391704380512238,7,0,0,0.5
2022-04-29 00:00:00,1.0224347710609436,10,0,0,12.5
2022-05-02 00:00:00,1.3984394073486328,12,0,0,32.0
2022-05-03 00:00:00,1.7346396744251251,12,0,0,40.5
2022-05-04 00:00:00,1.8816970586776733,13,0,0,50.0
2022-05-05 00:00:00,2.163512736558914,14,0,0,60.5
2022-05-06 00:00:00,2.3288258612155914,15,0,0,72.0
2022-05-09 00:00:00,2.407585948705673,16,0,0,98.0
2022-05-10 00:00:00,2.6321254074573517,18,0,0,128.0
2022-05-11 00:00:00,2.9762576818466187,20,0,0,180.5
2022-05-12 00:00:00,2.9467394649982452,18,0,0,144.5
2022-05-13 00:00:00,3.065511077642441,18,0,0,144.5
2022-05-16 00:00:00,3.0520296692848206,18,0,0,144.5
2022-05-17 00:00:00,2.6872262954711914,18,0,0,128.5
2022-05-18 00:00:00,2.570044457912445,18,0,0,113.0
2022-05-19 00:00:00,2.30384823679924,18,0,0,98.5
2022-05-20 00:00:00,2.3032542765140533,17,0,0,84.5
2022-05-23 00:00:00,2.0909193456172943,16,0,0,60.5
2022-05-24 00:00:00,1.849418729543686,16,0,0,60.5
2022-05-25 00:00:00,1.3407106697559357,14,0,0,32.0
2022-05-26 00:00:00,1.2220309972763062,14,0,0,24.5
2022-05-27 00:00:00,1.2240859866142273,13,0,0,18.0
2022-05-31 00:00:00,0.797225683927536,12,0,0,2.0
2022-06-01 00:00:00,0.8237724602222443,11,0,0,0.5
2022-06-02 00:00:00,1.0035671889781952,9,0,0,4.5
2022-06-03 00:00:00,1.1318660378456116,6,0,0,24.5
2022-06-06 00:00:00,1.3878867626190186,5,0,0,40.5
2022-06-07 00:00:00,1.4695494771003723,5,0,0,50.0
2022-06-08 00:00:00,1.5202814638614655,4,0,0,72.0
2022-06-09 00:00:00,1.5512871742248535,5,0,0,84.5
2022-06-10 00:00:00,1.6166541874408722,6,0,0,98.0
2022-06-13 00:00:00,1.5599805414676666,6,1,0,72.5
2022-06-14 00:00:00,2.0392942428588867,5,1,0,85.0
2022-06-15 00:00:00,2.0341247618198395,6,1,0,72.5
2022-06-16 00:00:00,2.1176306307315826,5,1,0,85.0
2022-06-17 00:00:00,2.019089549779892,6,1,0,72.5
2022-06-21 00:00:00,2.0232699811458588,6,1,0,72.5
2022-06-22 00:00:00,2.0059628784656525,7,1,0,50.5
2022-06-23 00:00:00,2.118988126516342,6,1,0,50.5
2022-06-24 00:00:00,2.022484242916107,6,0,0,50.0
2022-06-27 00:00:00,1.736868977546692,7,0,0,24.5
2022-06-28 00:00:00,1.7647454142570496,6,0,0,32.0
2022-06-29 00:00:00,1.6215198040008545,6,0,0,24.5
2022-06-30 00:00:00,1.1733693182468414,9,0,0,4.5
2022-07-01 00:00:00,1.1006597876548767,9,0,0,2.0
2022-07-05 00:00:00,0.7720693051815033,13,0,0,8.0
2022-07-06 00:00:00,0.6737595200538635,12,0,0,18.0
2022-07-07 00:00:00,0.710362434387207,11,0,0,18.0
2022-07-08 00:00:00,0.5286905169487,11,0,0,18.0
2022-07-11 00:00:00,0.6260829567909241,10,0,0,18.0
2022-07-12 00:00:00,0.6259254515171051,10,0,0,12.5
2022-07-13 00:00:00,0.7062661945819855,9,0,0,4.5
2022-07-14 00:00:00,0.8688176572322845,8,0,0,2.5
2022-07-15 00:00:00,0.7412089109420776,6,0,0,1.0
2022-07-18 00:00:00,0.7366597354412079,4,0,0,2.5
2022-07-19 00:00:00,0.7785355150699615,5,0,0,0.5
2022-07-20 00:00:00,0.9225387871265411,4,0,0,2.5
2022-07-21 00:00:00,0.9787234961986542,4,0,0,2.5
2022-07-22 00:00:00,0.8438580930233002,4,0,0,5.0
2022-07-25 00:00:00,0.6496563255786896,5,0,0,1.0
2022-07-26 00:00:00,0.6163408756256104,6,0,0,0.0
2022-07-27 00:00:00,0.53162881731987,7,0,0,0.0
2022-07-28 00:00:00,0.5748991072177887,6,0,0,0.0
2022-07-29 00:00:00,0.4605100750923157,5,0,0,0.5
2022-08-01 00:00:00,0.6929758787155151,6,0,0,4.5
2022-08-02 00:00:00,0.5609053075313568,8,0,0,0.5
2022-08-03 00:00:00,0.5373085141181946,8,0,0,12.5
2022-08-04 00:00:00,0.5751718580722809,8,0,0,8.0
2022-08-05 00:00:00,0.5955236554145813,8,0,0,4.5
2022-08-08 00:00:00,0.6297929286956787,9,0,0,2.0
2022-08-09 00:00:00,0.5879131257534027,9,0,0,0.5
2022-08-10 00:00:00,0.7628742158412933,7,0,0,4.5
2022-08-11 00:00:00,0.6371944546699524,6,0,0,4.5
2022-08-12 00:00:00,0.4245905876159668,6,0,0,2.0
2022-08-15 00:00:00,0.32783064246177673,6,0,0,0.0
2022-08-16 00:00:00,0.21981197595596313,5,0,0,0.5
2022-08-17 00:00:00,0.24937620759010315,5,0,0,0.0
2022-08-18 00:00:00,0.26749441027641296,5,0,0,0.5
2022-08-19 00:00:00,0.2583364248275757,5,0,0,0.5
2022-08-22 00:00:00,0.3229730427265167,4,0,0,0.0
2022-08-23 00:00:00,0.5718768835067749,3,0,0,2.0
2022-08-24 00:00:00,0.924889326095581,3,0,0,4.5
2022-08-25 00:00:00,1.2277483344078064,3,0,0,8.0
2022-08-26 00:00:00,1.0832180976867676,3,0,0,4.5
2022-08-29 00:00:00,1.2366065382957458,2,0,0,4.5
2022-08-30 00:00:00,1.630270928144455,1,0,0,12.5
2022-08-31 00:00:00,1.9901333451271057,1,0,0,24.5
2022-09-01 00:00:00,2.3033008873462677,1,0,0,24.5
2022-09-02 00:00:00,2.522513449192047,1,0,0,24.5
2022-09-06 00:00:00,2.495522141456604,1,0,0,24.5
2022-09-07 00:00:00,2.5078883469104767,1,0,0,32.0
2022-09-08 00:00:00,2.264802098274231,1,0,0,32.0
2022-09-09 00:00:00,1.8841463327407837,1,0,0,18.0
2022-09-12 00:00:00,1.5786886513233185,1,0,0,12.5
2022-09-13 00:00:00,1.3809660077095032,1,0,0,12.5
2022-09-14 00:00:00,1.0475477874279022,1,0,0,12.5
2022-09-15 00:00:00,0.8033240139484406,1,0,0,8.0
2022-09-16 00:00:00,0.6947362422943115,2,0,0,4.5
2022-09-19 00:00:00,0.6609451174736023,2,0,0,4.5
2022-09-20 00:00:00,0.5000990927219391,2,0,0,4.5
2022-09-21 00:00:00,0.45755571126937866,2,0,0,2.0
2022-09-22 00:00:00,0.5743656754493713,2,0,0,0.5
2022-09-23 00:00:00,0.5728018283843994,2,0,0,0.5
2022-09-26 00:00:00,0.9042927324771881,3,0,0,0.0
2022-09-27 00:00:00,1.1361917555332184,3,0,0,0.0
2022-09-28 00:00:00,1.4615975618362427,4,0,0,2.0
2022-09-29 00:00:00,1.8589332103729248,5,0,0,8.0
2022-09-30 00:00:00,2.0818263590335846,6,0,0,12.5
2022-10-03 00:00:00,1.9529865682125092,5,0,0,8.0
2022-10-04 00:00:00,1.885137677192688,5,0,0,8.0
2022-10-05 00:00:00,1.9814259707927704,7,0,0,18.0
2022-10-06 00:00:00,2.1452512443065643,8,0,0,24.5
2022-10-07 00:00:00,1.9860770404338837,7,0,0,18.0
2022-10-10 00:00:00,1.8311340510845184,7,0,0,18.0
2022-10-11 00:00:00,1.6888659000396729,7,0,0,18.0
2022-10-12 00:00:00,1.5980256795883179,8,0,0,24.5
2022-10-13 00:00:00,1.5465038120746613,8,0,0,24.5
2022-10-14 00:00:00,1.4921031892299652,9,0,0,32.0
2022-10-17 00:00:00,1.68210968375206,11,0,0,40.5
2022-10-18 00:00:00,1.6434597969055176,10,0,0,32.0
2022-10-19 00:00:00,1.4580521881580353,10,0,0,32.0
2022-10-20 00:00:00,1.3657010793685913,10,0,0,32.0
2022-10-21 00:00:00,1.565095990896225,10,0,0,32.0
2022-10-24 00:00:00,1.4944038689136505,10,0,0,32.0
2022-10-25 00:00:00,1.230283796787262,10,0,0,24.5
2022-10-26 00:00:00,1.134479969739914,10,0,0,24.5
2022-10-27 00:00:00,0.9958586692810059,10,0,0,18.0
2022-10-28 00:00:00,0.727857768535614,10,0,0,12.5
2022-10-31 00:00:00,0.9507918953895569,11,0,0,12.5
2022-11-01 00:00:00,1.4703045785427094,13,0,0,32.0
2022-11-02 00:00:00,1.6882121860980988,13,0,0,32.0
2022-11-03 00:00:00,1.5775022506713867,13,0,0,18.0
2022-11-04 00:00:00,1.445448249578476,13,0,0,12.5
2022-11-07 00:00:00,1.5539167523384094,14,0,0,24.5
2022-11-08 00:00:00,2.0375349521636963,15,0,0,32.0
2022-11-09 00:00:00,2.30786269903183,15,0,0,32.0
2022-11-10 00:00:00,2.278017818927765,16,0,0,32.0
2022-11-11 00:00:00,2.3685768246650696,18,0,0,50.0
2022-11-14 00:00:00,2.26570001244545,18,0,0,40.5
2022-11-15 00:00:00,1.8960736989974976,17,0,0,18.0
2022-11-16 00:00:00,1.6647761166095734,14,0,0,8.0
2022-11-17 00:00:00,1.5976496636867523,13,0,0,4.5
2022-11-18 00:00:00,1.5194385647773743,12,0,0,2.0
2022-11-21 00:00:00,1.3400280177593231,10,0,0,0.0
2022-11-22 00:00:00,1.7095765173435211,8,0,0,2.0
2022-11-23 00:00:00,1.5409726798534393,6,1,0,8.5
2022-11-25 00:00:00,1.518923670053482,6,1,0,8.5
2022-11-28 00:00:00,1.2689453959465027,7,1,0,5.0
2022-11-29 00:00:00,1.3869468867778778,6,1,0,8.5
2022-11-30 00:00:00,1.729899287223816,5,1,0,18.5
2022-12-01 00:00:00,2.296163499355316,4,1,0,41.0
2022-12-02 00:00:00,2.4141543805599213,4,2,0,42.5
2022-12-05 00:00:00,2.509420096874237,4,2,0,42.5
2022-12-06 00:00:00,2.6486086547374725,4,2,0,42.5
2022-12-07 00:00:00,2.682792693376541,3,1,0,61.0
2022-12-08 00:00:00,3.469217360019684,2,1,0,85.0
2022-12-09 00:00:00,3.654851585626602,2,1,0,85.0
2022-12-12 00:00:00,3.7131820023059845,2,1,0,98.5
2022-12-13 00:00:00,3.9386247396469116,2,0,0,128.0
2022-12-14 00:00:00,3.93022558093071,2,0,0,128.0
2022-12-15 00:00:00,3.8357871770858765,2,0,0,112.5
2022-12-16 00:00:00,3.675250858068466,2,0,0,72.0
2022-12-19 00:00:00,3.6216315627098083,2,0,0,60.5
2022-12-20 00:00:00,3.5031947791576385,2,0,0,50.0
2022-12-21 00:00:00,3.2151605784893036,2,0,0,32.0
2022-12-22 00:00:00,2.5213917195796967,3,0,0,12.5
2022-12-23 00:00:00,2.196344017982483,3,0,0,5.0
2022-12-27 00:00:00,2.3126906156539917,2,0,0,8.5
2022-12-28 00:00:00,2.5541338324546814,2,0,0,13.0
2022-12-29 00:00:00,2.3006100058555603,2,0,0,8.5
2022-12-30 00:00:00,1.954718291759491,2,0,0,5.0
2023-01-03 00:00:00,1.720682293176651,2,0,0,2.5
2023-01-04 00:00:00,1.5943996906280518,2,0,0,4.0
2023-01-05 00:00:00,1.4588273167610168,2,0,0,4.0
2023-01-06 00:00:00,1.278781920671463,2,0,0,4.0
2023-01-09 00:00:00,0.6505535840988159,2,0,0,1.0
2023-01-10 00:00:00,0.3668588697910309,2,0,0,0.5
2023-01-11 00:00:00,0.4183136522769928,2,0,0,0.5
2023-01-12 00:00:00,0.5396446883678436,1,0,0,1.0
2023-01-13 00:00:00,0.49189266562461853,1,0,0,0.5
2023-01-17 00:00:00,0.29159361124038696,1,0,0,0.5
2023-01-18 00:00:00,0.28851768374443054,1,0,0,0.5
2023-01-19 00:00:00,0.23790284991264343,1,0,0,0.5
2023-01-20 00:00:00,0.24408307671546936,1,0,0,0.5
2023-01-23 00:00:00,0.23956501483917236,1,0,0,0.5
2023-01-24 00:00:00,0.27638664841651917,1,0,0,0.5
2023-01-25 00:00:00,0.2852492332458496,1,0,0,2.0
2023-01-26 00:00:00,0.44131454825401306,1,0,0,2.0
2023-01-27 00:00:00,1.0436585545539856,1,0,0,0.5
2023-01-30 00:00:00,1.4420111775398254,1,0,0,0.5
2023-01-31 00:00:00,1.540704220533371,2,0,0,0.0
2023-02-01 00:00:00,1.5216370224952698,2,0,0,0.0
2023-02-02 00:00:00,1.3523669242858887,2,0,0,0.0
2023-02-03 00:00:00,1.228886753320694,2,0,0,0.0
2023-02-06 00:00:00,1.198224663734436,2,0,0,0.0
2023-02-07 00:00:00,1.2256085872650146,3,0,0,0.5
2023-02-08 00:00:00,1.266777902841568,4,0,0,2.0
2023-02-09 00:00:00,1.4226540327072144,4,1,0,2.5
2023-02-10 00:00:00,1.496035099029541,4,0,0,2.0
2023-02-13 00:00:00,1.6154035031795502,4,0,0,4.5
2023-02-14 00:00:00,1.4801176190376282,4,0,0,4.5
2023-02-15 00:00:00,1.3845059275627136,4,0,0,4.5
2023-02-16 00:00:00,1.4329638481140137,4,0,0,4.5
2023-02-17 00:00:00,1.452622264623642,4,0,0,4.5
2023-02-21 00:00:00,1.4166853725910187,4,0,0,4.5
2023-02-22 00:00:00,1.2892290949821472,4,0,0,4.5
2023-02-23 00:00:00,0.8969014585018158,4,0,0,4.5
2023-02-24 00:00:00,0.9325056970119476,4,0,0,4.5
2023-02-27 00:00:00,0.6508612632751465,4,0,0,4.5
2023-02-28 00:00:00,0.38008883595466614,4,0,0,4.5
2023-03-01 00:00:00,0.41777533292770386,3,0,0,2.0
2023-03-02 00:00:00,0.6836623549461365,2,0,0,0.0
2023-03-03 00:00:00,0.48613154888153076,2,0,0,0.0
2023-03-06 00:00:00,0.38885417580604553,2,0,0,0.0
2023-03-07 00:00:00,0.4148462116718292,2,0,0,0.0
2023-03-08 00:00:00,0.532969057559967,2,0,0,0.0
2023-03-09 00:00:00,0.5276553630828857,2,0,0,0.5
2023-03-10 00:00:00,0.5591636300086975,2,0,0,2.0
2023-03-13 00:00:00,0.585015594959259,3,0,0,1.0
2023-03-14 00:00:00,0.6056824028491974,3,0,0,0.5
2023-03-15 00:00:00,0.5540671944618225,3,0,0,0.5
2023-03-16 00:00:00,0.5037237405776978,3,0,0,0.5
2023-03-17 00:00:00,0.5147392749786377,3,0,0,0.5
2023-03-20 00:00:00,0.7023628950119019,3,0,0,0.5
2023-03-21 00:00:00,0.7518564760684967,3,0,0,0.5
2023-03-22 00:00:00,0.6856845021247864,3,0,0,0.5
2023-03-23 00:00:00,0.5419377982616425,3,0,0,0.5
2023-03-24 00:00:00,0.3714318871498108,3,0,0,0.5
2023-03-27 00:00:00,0.5678275525569916,3,0,0,0.5
2023-03-28 00:00:00,0.7652038037776947,3,0,0,0.5
2023-03-29 00:00:00,0.6211981177330017,3,0,0,0.5
2023-03-30 00:00:00,0.4773801267147064,3,0,0,0.0
2023-03-31 00:00:00,0.445803165435791,3,0,0,0.5
2023-04-03 00:00:00,0.3724845051765442,3,0,0,0.5
2023-04-04 00:00:00,0.320328950881958,2,0,0,0.0
2023-04-05 00:00:00,0.399396151304245,2,0,0,0.0
2023-04-06 00:00:00,0.43439438939094543,1,0,0,0.5
2023-04-10 00:00:00,0.5616892278194427,1,0,0,0.5
2023-04-11 00:00:00,0.6737746894359589,1,0,0,0.5
2023-04-12 00:00:00,0.89718097448349,1,0,0,2.0
2023-04-13 00:00:00,0.8315423727035522,2,0,0,0.5
2023-04-14 00:00:00,0.886069655418396,2,0,0,0.5
2023-04-17 00:00:00,0.9103357791900635,2,0,0,0.5
2023-04-18 00:00:00,0.9963651895523071,1,0,0,2.0
2023-04-19 00:00:00,0.9500713050365448,1,0,0,2.0
2023-04-20 00:00:00,1.0907060205936432,1,0,0,2.0
2023-04-21 00:00:00,0.8587388396263123,2,0,0,0.5
2023-04-24 00:00:00,0.7932563126087189,3,0,0,0.0
2023-04-25 00:00:00,0.7598317861557007,4,0,0,0.5
2023-04-26 00:00:00,0.532095342874527,4,0,0,0.5
2023-04-27 00:00:00,0.384513258934021,4,0,0,0.5
2023-04-28 00:00:00,0.5481375753879547,5,0,0,2.0
2023-05-01 00:00:00,0.6391312181949615,6,0,0,4.5
2023-05-02 00:00:00,0.7388650476932526,7,0,0,8.0
2023-05-03 00:00:00,0.7513091564178467,7,0,0,8.0
2023-05-04 00:00:00,0.7321570217609406,7,0,0,12.5
2023-05-05 00:00:00,0.7167976200580597,8,0,0,18.0
2023-05-08 00:00:00,1.0346903204917908,8,0,0,24.5
2023-05-09 00:00:00,1.1305444240570068,8,0,0,24.5
2023-05-10 00:00:00,1.3921210765838623,8,0,0,24.5
2023-05-11 00:00:00,1.4644585251808167,8,0,0,24.5
2023-05-12 00:00:00,1.4442688524723053,6,0,0,8.0
2023-05-15 00:00:00,1.4884609878063202,5,0,0,4.5
2023-05-16 00:00:00,1.5352258682250977,5,0,0,4.5
2023-05-17 00:00:00,1.5053724348545074,5,0,0,8.0
2023-05-18 00:00:00,1.5965771973133087,5,0,0,8.0
2023-05-19 00:00:00,1.6283875107765198,4,0,0,4.5
2023-05-22 00:00:00,1.2611713707447052,4,0,0,2.0
2023-05-23 00:00:00,1.0293141603469849,4,0,0,0.5
2023-05-24 00:00:00,0.9080745875835419,4,0,0,0.0
2023-05-25 00:00:00,0.7610822319984436,4,0,0,0.0
2023-05-26 00:00:00,0.6636417508125305,4,0,0,0.0
2023-05-30 00:00:00,0.7645454108715057,3,0,0,2.0
2023-05-31 00:00:00,0.9588523209095001,2,0,0,8.0
2023-06-01 00:00:00,1.1040708124637604,2,0,0,12.5
2023-06-02 00:00:00,0.9849969148635864,2,0,0,12.5
2023-06-05 00:00:00,0.9244837760925293,2,0,0,12.5
2023-06-06 00:00:00,0.7938306331634521,2,0,0,18.0
2023-06-07 00:00:00,0.7240489423274994,2,0,0,18.0
2023-06-08 00:00:00,0.7475146055221558,2,0,0,18.0
2023-06-09 00:00:00,0.9134579300880432,2,0,0,18.0
2023-06-12 00:00:00,0.8697361946105957,2,0,0,18.0
2023-06-13 00:00:00,0.9407638013362885,2,0,0,8.0
2023-06-14 00:00:00,0.9234619438648224,2,0,0,4.5
2023-06-15 00:00:00,0.7451930344104767,2,0,0,4.5
2023-06-16 00:00:00,0.6344402730464935,2,0,0,4.5
2023-06-20 00:00:00,0.7697694897651672,2,0,0,4.5
2023-06-21 00:00:00,0.7120331823825836,2,0,0,2.0
2023-06-22 00:00:00,0.7641152441501617,1,0,0,4.5
2023-06-23 00:00:00,0.8251751363277435,1,0,0,4.5
2023-06-26 00:00:00,0.8878151476383209,1,0,0,4.5
2023-06-27 00:00:00,1.0529182255268097,1,0,0,4.5
2023-06-28 00:00:00,1.19826939702034,1,0,0,4.5
2023-06-29 00:00:00,1.2230391204357147,1,0,0,2.0
2023-06-30 00:00:00,1.195398896932602,1,0,0,0.5
2023-07-03 00:00:00,1.2774074375629425,1,0,0,0.5
2023-07-05 00:00:00,1.2686681747436523,1,0,0,0.5
2023-07-06 00:00:00,1.3116849064826965,1,0,0,0.5
2023-07-07 00:00:00,1.2379935681819916,1,0,0,0.5
2023-07-10 00:00:00,1.1174078583717346,1,0,0,0.5
2023-07-11 00:00:00,1.075198382139206,1,0,0,0.5
2023-07-12 00:00:00,1.0616944432258606,1,0,0,0.5
2023-07-13 00:00:00,1.0606682896614075,1,0,0,0.5
2023-07-14 00:00:00,0.9940136969089508,1,0,0,0.5
2023-07-17 00:00:00,0.923600435256958,1,0,0,0.5
2023-07-18 00:00:00,0.8775554299354553,2,0,0,0.0
2023-07-19 00:00:00,0.8194741904735565,2,0,0,0.0
2023-07-20 00:00:00,0.7296262681484222,2,0,0,0.0
2023-07-21 00:00:00,0.6226370930671692,2,0,0,0.0
2023-07-24 00:00:00,0.4295700788497925,2,0,0,0.5
2023-07-25 00:00:00,0.3711709976196289,3,0,0,2.0
2023-07-26 00:00:00,0.3312489092350006,3,0,0,2.0
2023-07-27 00:00:00,0.41769012808799744,3,0,0,2.0
2023-07-28 00:00:00,0.7020007371902466,3,0,0,2.0
2023-07-31 00:00:00,1.0160866975784302,4,0,0,4.5
2023-08-01 00:00:00,1.3927873969078064,4,0,0,4.5
2023-08-02 00:00:00,1.7430365085601807,5,0,0,8.0
2023-08-03 00:00:00,1.7694154977798462,5,0,0,8.0
2023-08-04 00:00:00,1.9046893417835236,5,0,0,8.0
2023-08-07 00:00:00,1.998941421508789,6,0,0,12.5
2023-08-08 00:00:00,1.9449346661567688,6,0,0,12.5
2023-08-09 00:00:00,1.5788718461990356,4,0,0,4.5
2023-08-10 00:00:00,1.5280124843120575,4,0,0,4.5
2023-08-11 00:00:00,1.5479439198970795,4,0,0,4.5
2023-08-14 00:00:00,1.4043355286121368,4,0,0,4.5
2023-08-15 00:00:00,1.2878584563732147,4,0,0,4.5
2023-08-16 00:00:00,1.0783247351646423,4,0,0,2.0
2023-08-17 00:00:00,1.0811570882797241,5,0,0,4.5
2023-08-18 00:00:00,1.0592575669288635,5,0,0,4.5
2023-08-21 00:00:00,0.87922003865242,5,0,0,4.5
2023-08-22 00:00:00,0.628718376159668,4,0,0,2.0
2023-08-23 00:00:00,0.41601452231407166,4,0,0,0.5
2023-08-24 00:00:00,0.46824631094932556,4,0,0,0.5
2023-08-25 00:00:00,0.48447883129119873,4,0,0,0.5
2023-08-28 00:00:00,0.6873024702072144,3,0,0,0.0
2023-08-29 00:00:00,0.9861620962619781,2,0,0,2.0
2023-08-30 00:00:00,1.4085226356983185,1,0,0,4.5
2023-08-31 00:00:00,1.594631165266037,1,0,0,8.0
2023-09-01 00:00:00,1.6883142292499542,1,0,0,8.0
2023-09-05 00:00:00,1.8298318684101105,1,0,0,8.0
2023-09-06 00:00:00,1.9531856775283813,1,0,0,12.5
2023-09-07 00:00:00,1.9191280901432037,1,0,0,12.5
2023-09-08 00:00:00,1.4766497313976288,1,0,0,4.5
2023-09-11 00:00:00,1.3849305510520935,1,0,0,4.5
2023-09-12 00:00:00,1.424046277999878,1,0,0,4.5
2023-09-13 00:00:00,1.3816405534744263,1,0,0,4.5
2023-09-14 00:00:00,1.3200331032276154,1,0,0,4.5
2023-09-15 00:00:00,1.32411789894104,1,0,0,4.5
2023-09-18 00:00:00,1.4424638450145721,1,0,0,8.0
2023-09-19 00:00:00,1.2722351551055908,1,0,0,8.0
2023-09-20 00:00:00,1.2408750653266907,1,0,0,8.0
2023-09-21 00:00:00,1.0708285570144653,1,0,0,4.5
2023-09-22 00:00:00,0.8192847371101379,1,0,0,4.5
2023-09-25 00:00:00,0.739827573299408,1,0,0,4.5
2023-09-26 00:00:00,0.5063197016716003,1,0,0,4.5
2023-09-27 00:00:00,0.47031548619270325,1,0,0,2.0
2023-09-28 00:00:00,0.3601040840148926,1,0,0,0.5
2023-09-29 00:00:00,0.21944046020507812,1,0,0,0.0
2023-10-02 00:00:00,0.21481794118881226,1,0,0,0.0
2023-10-03 00:00:00,0.250711053609848,1,0,0,0.0
2023-10-04 00:00:00,0.2706153690814972,1,0,0,0.0
2023-10-05 00:00:00,0.3396326005458832,1,0,0,0.0
2023-10-06 00:00:00,0.21803462505340576,1,0,0,0.0
2023-10-09 00:00:00,0.21955743432044983,1,0,0,0.0
2023-10-10 00:00:00,0.28723809123039246,1,0,0,0.0
2023-10-11 00:00:00,0.36952343583106995,1,0,0,0.0
2023-10-12 00:00:00,0.42568832635879517,1,0,0,0.0
2023-10-13 00:00:00,0.48234665393829346,1,0,0,0.0
2023-10-16 00:00:00,0.7066099345684052,1,0,0,0.0
2023-10-17 00:00:00,0.7862845063209534,1,0,0,0.0
2023-10-18 00:00:00,0.8363698124885559,1,0,0,0.0
2023-10-19 00:00:00,0.9411626160144806,1,0,0,0.0
2023-10-20 00:00:00,1.1491604149341583,1,0,0,0.0
2023-10-23 00:00:00,1.148983746767044,1,0,0,0.0
2023-10-24 00:00:00,1.2781044840812683,2,0,0,0.5
2023-10-25 00:00:00,1.2809789180755615,3,0,0,2.0
2023-10-26 00:00:00,1.4026365280151367,4,0,0,4.5
2023-10-27 00:00:00,1.4612824320793152,4,1,0,5.0
2023-10-30 00:00:00,1.8147598803043365,5,1,0,8.5
2023-10-31 00:00:00,1.9310648143291473,6,1,0,13.0
2023-11-01 00:00:00,2.1611668169498444,8,1,0,25.0
2023-11-02 00:00:00,2.0256585776805878,8,1,0,25.0
2023-11-03 00:00:00,2.1129193007946014,8,1,0,25.0
2023-11-06 00:00:00,2.124546319246292,7,1,0,18.5
2023-11-07 00:00:00,1.9723020792007446,7,1,0,18.5
2023-11-08 00:00:00,1.797269195318222,8,0,0,24.5
2023-11-09 00:00:00,1.7412073910236359,8,0,0,24.5
2023-11-10 00:00:00,2.0878463089466095,9,0,0,32.0
2023-11-13 00:00:00,2.0371573865413666,9,0,0,32.0
2023-11-14 00:00:00,1.8150936961174011,9,0,0,32.0
2023-11-15 00:00:00,1.506977915763855,9,0,0,32.0
2023-11-16 00:00:00,1.2503544390201569,9,0,0,32.0
2023-11-17 00:00:00,1.2362273037433624,9,0,0,32.0
2023-11-20 00:00:00,1.151796817779541,7,0,0,18.0
2023-11-21 00:00:00,1.4626856446266174,6,0,0,12.5
2023-11-22 00:00:00,1.473643571138382,5,0,0,4.5
2023-11-24 00:00:00,1.698199301958084,5,0,0,2.0
2023-11-27 00:00:00,1.7094720602035522,5,0,0,0.5
2023-11-28 00:00:00,1.727552592754364,4,0,0,0.5
2023-11-29 00:00:00,2.0723042488098145,3,0,0,2.5
2023-11-30 00:00:00,2.4071474969387054,2,0,0,8.5
2023-12-01 00:00:00,2.606661021709442,2,0,0,18.5
2023-12-04 00:00:00,2.526132732629776,2,0,0,18.5
2023-12-05 00:00:00,2.799586534500122,2,0,0,18.5
2023-12-06 00:00:00,2.8035700917243958,2,0,0,13.0
2023-12-07 00:00:00,2.7374050617218018,2,0,0,13.0
2023-12-08 00:00:00,2.6318591833114624,2,0,0,18.0
2023-12-11 00:00:00,2.7664003372192383,1,0,0,24.5
2023-12-12 00:00:00,2.8763110041618347,2,0,0,24.5
2023-12-13 00:00:00,2.8778024315834045,2,0,0,24.5
2023-12-14 00:00:00,2.7713208496570587,2,0,0,24.5
2023-12-15 00:00:00,2.514524966478348,2,0,0,24.5
2023-12-18 00:00:00,2.3240382075309753,2,0,0,24.5
2023-12-19 00:00:00,2.130464017391205,2,0,0,24.5
2023-12-20 00:00:00,1.3496117293834686,2,0,0,12.5
2023-12-21 00:00:00,1.0544523298740387,2,0,0,8.0
2023-12-22 00:00:00,0.9831451177597046,2,0,0,4.5
2023-12-26 00:00:00,1.0635638982057571,2,0,0,4.5
2023-12-27 00:00:00,1.2915519922971725,2,0,0,4.5
2023-12-28 00:00:00,0.8857476264238358,3,0,0,0.5
2023-12-29 00:00:00,0.6931465715169907,3,0,0,0.0
2024-01-02 00:00:00,0.6820812076330185,3,0,0,0.5
2024-01-03 00:00:00,0.7394992560148239,3,0,0,0.5
2024-01-04 00:00:00,0.6431273072957993,3,0,0,0.5
2024-01-05 00:00:00,0.6122002750635147,3,0,0,0.5
2024-01-08 00:00:00,0.6646337956190109,3,0,0,0.5
2024-01-09 00:00:00,0.7166398614645004,3,0,0,0.5
2024-01-10 00:00:00,0.6863333433866501,2,0,0,0.0
2024-01-11 00:00:00,0.6353632062673569,1,0,0,0.0
2024-01-12 00:00:00,1.0302903652191162,1,0,0,0.5
2024-01-16 00:00:00,0.9327133893966675,1,0,0,0.5
2024-01-17 00:00:00,0.783136636018753,1,0,0,0.5
2024-01-18 00:00:00,0.7266833186149597,1,0,0,0.5
2024-01-19 00:00:00,0.7417871952056885,1,0,0,0.5
2024-01-22 00:00:00,0.7810548692941666,1,0,0,0.5
2024-01-23 00:00:00,0.9913985431194305,1,0,0,0.5
2024-01-24 00:00:00,0.567221000790596,1,0,0,0.5
2024-01-25 00:00:00,0.45653025805950165,1,0,0,0.5
2024-01-26 00:00:00,1.3075642138719559,1,0,0,0.5
2024-01-29 00:00:00,1.4964251071214676,1,0,0,0.5
2024-01-30 00:00:00,1.6080740243196487,1,0,0,2.0
2024-01-31 00:00:00,1.648780271410942,1,0,0,2.0
2024-02-01 00:00:00,1.866285040974617,1,0,0,2.0
2024-02-02 00:00:00,2.0141568034887314,1,0,0,2.0
2024-02-05 00:00:00,2.0401710122823715,1,0,0,2.0
2024-02-06 00:00:00,2.2681434601545334,1,0,0,2.0
2024-02-07 00:00:00,2.525833711028099,1,0,0,2.0
2024-02-08 00:00:00,2.5394956916570663,1,0,0,2.0
2024-02-09 00:00:00,2.7315976470708847,1,0,0,0.5
2024-02-12 00:00:00,3.0440585762262344,5,0,0,8.0
2024-02-13 00:00:00,3.258671849966049,5,0,0,8.0
2024-02-14 00:00:00,3.1605597734451294,5,0,0,8.0
2024-02-15 00:00:00,2.900812566280365,5,0,0,8.0
2024-02-16 00:00:00,2.916443794965744,6,0,0,12.5
2024-02-20 00:00:00,2.870398372411728,7,0,0,18.0
2024-02-21 00:00:00,2.6275869756937027,7,0,0,18.0
2024-02-22 00:00:00,2.3007341623306274,6,0,0,12.5
2024-02-23 00:00:00,2.4067061096429825,8,1,0,25.0
2024-02-26 00:00:00,2.157713696360588,8,1,0,25.0
2024-02-27 00:00:00,1.481825202703476,7,0,0,18.0
2024-02-28 00:00:00,1.4313221275806427,7,0,0,18.0
2024-02-29 00:00:00,1.4013120830059052,7,0,0,18.0
2024-03-01 00:00:00,1.1964634656906128,7,0,0,18.0
2024-03-04 00:00:00,0.94969043135643,6,0,0,12.5
2024-03-05 00:00:00,0.7626806795597076,6,0,0,12.5
2024-03-06 00:00:00,0.49261561036109924,5,0,0,8.0
2024-03-07 00:00:00,0.30852460861206055,5,0,0,8.0
2024-03-08 00:00:00,0.22690388560295105,5,0,0,8.0
2024-03-11 00:00:00,0.19849130511283875,4,0,0,4.5
2024-03-12 00:00:00,0.19387158751487732,4,0,0,4.5
2024-03-13 00:00:00,0.4574241638183594,3,0,0,2.0
2024-03-14 00:00:00,0.7074726521968842,3,0,0,2.0
2024-03-15 00:00:00,0.7051116228103638,2,0,0,4.5
2024-03-18 00:00:00,0.7432561218738556,2,0,0,4.5
2024-03-19 00:00:00,0.8530009686946869,2,0,0,8.0
2024-03-20 00:00:00,0.8547042906284332,2,0,0,12.5
2024-03-21 00:00:00,0.9240952134132385,1,0,0,18.0
2024-03-22 00:00:00,0.9066553115844727,1,0,0,12.5
2024-03-25 00:00:00,1.147891789674759,1,0,0,25.0
2024-03-26 00:00:00,1.4066848456859589,1,0,0,25.0
2024-03-27 00:00:00,1.4762278199195862,1,0,0,18.0
2024-03-28 00:00:00,1.5462220907211304,1,0,0,18.0
2024-04-01 00:00:00,1.5660399496555328,1,0,0,18.0
2024-04-02 00:00:00,1.4512126743793488,1,0,0,18.0
2024-04-03 00:00:00,1.4941124320030212,1,0,0,12.5
2024-04-04 00:00:00,1.4418373703956604,1,0,0,12.5
2024-04-05 00:00:00,1.27285635471344,1,0,0,8.0
2024-04-08 00:00:00,1.1994067430496216,1,0,0,8.0
2024-04-09 00:00:00,1.4373490512371063,2,0,0,4.5
2024-04-10 00:00:00,1.241709142923355,2,0,0,2.0
2024-04-11 00:00:00,1.3292368948459625,2,0,0,2.0
2024-04-12 00:00:00,1.1794134378433228,2,0,0,0.5
2024-04-15 00:00:00,0.9042007029056549,2,0,0,0.5
2024-04-16 00:00:00,0.9063861072063446,2,0,0,0.0
2024-04-17 00:00:00,0.7112948298454285,2,0,0,0.0
2024-04-18 00:00:00,0.7829541862010956,2,0,0,0.0
2024-04-19 00:00:00,0.7368375957012177,2,0,0,0.0
2024-04-22 00:00:00,0.6811209619045258,2,0,0,0.5
2024-04-23 00:00:00,0.7533001899719238,2,0,0,0.5
2024-04-24 00:00:00,0.7532491385936737,2,0,0,0.5
2024-04-25 00:00:00,1.033184826374054,2,0,0,0.5
2024-04-26 00:00:00,1.2581258416175842,2,0,0,0.5
2024-04-29 00:00:00,1.5723090171813965,3,0,0,2.0
2024-04-30 00:00:00,1.666817992925644,4,0,0,4.5
2024-05-01 00:00:00,1.6652219891548157,4,0,0,4.5
2024-05-02 00:00:00,1.8423295319080353,4,0,0,4.5
2024-05-03 00:00:00,1.947115570306778,4,0,0,4.5
2024-05-06 00:00:00,1.852553278207779,4,0,0,4.5
2024-05-07 00:00:00,1.5044535100460052,4,0,0,4.5
2024-05-08 00:00:00,1.4078810811042786,4,0,0,2.0
2024-05-09 00:00:00,1.2727832794189453,5,0,0,4.5
2024-05-10 00:00:00,1.25274857878685,4,0,0,2.0
2024-05-13 00:00:00,1.1758553385734558,4,0,0,2.0
2024-05-14 00:00:00,1.0289345681667328,5,0,0,4.5
2024-05-15 00:00:00,0.7679319679737091,4,0,0,2.0
2024-05-16 00:00:00,0.7392448484897614,4,0,0,2.0
2024-05-17 00:00:00,0.7520916163921356,4,0,0,2.0
2024-05-20 00:00:00,0.6880255341529846,4,0,0,2.0
2024-05-21 00:00:00,0.6281554698944092,5,0,0,4.5
2024-05-22 00:00:00,0.5662120282649994,5,0,0,4.5
2024-05-23 00:00:00,0.4707997143268585,4,0,0,2.0
2024-05-24 00:00:00,0.6362852454185486,3,0,0,0.5
2024-05-28 00:00:00,0.8007678389549255,3,0,0,0.5
2024-05-29 00:00:00,0.9781089425086975,3,0,0,0.0
2024-05-30 00:00:00,1.083395540714264,3,0,0,0.5
2024-05-31 00:00:00,1.2028104662895203,3,0,0,0.5
2024-06-03 00:00:00,1.342843383550644,3,0,0,0.5
2024-06-04 00:00:00,1.4109404385089874,3,0,0,0.5
2024-06-05 00:00:00,1.5014840066432953,3,0,0,0.5
2024-06-06 00:00:00,1.2118035554885864,3,0,0,0.5
2024-06-07 00:00:00,1.1534967720508575,3,0,0,0.5
2024-06-10 00:00:00,1.1084490418434143,3,0,0,2.0
2024-06-11 00:00:00,0.953056812286377,3,0,0,0.5
2024-06-12 00:00:00,0.910189300775528,3,0,0,0.5
2024-06-13 00:00:00,0.7714202105998993,3,0,0,2.0
2024-06-14 00:00:00,0.6215632557868958,3,0,0,0.5
2024-06-17 00:00:00,0.5301125049591064,3,0,0,0.5
2024-06-18 00:00:00,0.541115403175354,3,0,0,0.5
2024-06-20 00:00:00,0.6119404435157776,2,0,0,2.0
2024-06-21 00:00:00,0.6561091244220734,2,0,0,4.5
2024-06-24 00:00:00,0.5957038402557373,2,0,0,4.5
2024-06-25 00:00:00,0.5431412160396576,2,0,0,2.0
2024-06-26 00:00:00,0.47502318024635315,1,0,0,2.0
2024-06-27 00:00:00,0.45190462470054626,1,0,0,2.0
2024-06-28 00:00:00,0.4884602725505829,1,0,0,2.0
2024-07-01 00:00:00,0.4837050139904022,1,0,0,2.0
2024-07-02 00:00:00,0.5203683078289032,1,0,0,2.0
2024-07-03 00:00:00,0.44271549582481384,1,0,0,2.0
2024-07-05 00:00:00,0.42324376106262207,1,0,0,2.0
2024-07-08 00:00:00,0.3159690797328949,1,0,0,2.0
2024-07-09 00:00:00,0.233839213848114,2,0,0,0.5
2024-07-10 00:00:00,0.24692800641059875,1,0,0,2.0
2024-07-11 00:00:00,0.3389618694782257,1,0,0,2.0
2024-07-12 00:00:00,0.2957834005355835,1,0,0,2.0
2024-07-15 00:00:00,0.3219386637210846,2,0,0,0.5
2024-07-16 00:00:00,0.4162442088127136,2,0,0,0.5
2024-07-17 00:00:00,0.42638102173805237,2,0,0,0.5
2024-07-18 00:00:00,0.3295171856880188,2,0,0,0.5
2024-07-19 00:00:00,0.33415719866752625,2,0,0,0.5
2024-07-22 00:00:00,0.5717124938964844,3,0,0,0.5
2024-07-23 00:00:00,0.9884697198867798,4,0,0,2.0
2024-07-24 00:00:00,1.326191782951355,5,0,0,4.5
2024-07-25 00:00:00,1.2782854437828064,5,0,0,4.5
2024-07-26 00:00:00,1.4779400825500488,6,0,0,12.5
2024-07-29 00:00:00,1.7289827764034271,6,0,0,12.5
2024-07-30 00:00:00,2.1284991204738617,8,0,0,24.5
2024-07-31 00:00:00,2.5439956188201904,9,0,0,32.0
2024-08-01 00:00:00,2.839174807071686,10,0,0,40.5
2024-08-02 00:00:00,2.978859007358551,11,0,0,50.0
2024-08-05 00:00:00,3.222527116537094,12,0,0,60.5
2024-08-06 00:00:00,3.340705782175064,13,0,0,72.0
2024-08-07 00:00:00,3.292391538619995,14,0,0,72.0
2024-08-08 00:00:00,3.287288337945938,13,0,0,72.0
2024-08-09 00:00:00,3.187058299779892,12,0,0,60.5
2024-08-12 00:00:00,2.786870092153549,11,0,0,50.0
2024-08-13 00:00:00,2.5907235741615295,11,0,0,40.5
2024-08-14 00:00:00,2.3354027569293976,10,0,0,32.0
2024-08-15 00:00:00,2.192966938018799,10,0,0,32.0
2024-08-16 00:00:00,1.9376566708087921,10,0,0,32.0
2024-08-19 00:00:00,1.6096165478229523,9,0,0,24.5
2024-08-20 00:00:00,0.9553747475147247,8,0,0,12.5
2024-08-21 00:00:00,0.48937517404556274,7,0,0,4.5
2024-08-22 00:00:00,0.7686401605606079,7,0,0,2.0
2024-08-23 00:00:00,0.7947628200054169,7,0,0,2.0
2024-08-26 00:00:00,0.9990428388118744,6,0,0,0.0
2024-08-27 00:00:00,1.3060243725776672,6,0,0,0.0
2024-08-28 00:00:00,2.0722985565662384,5,0,0,4.5
2024-08-29 00:00:00,2.503389358520508,5,0,0,8.0
2024-08-30 00:00:00,2.71848726272583,5,0,0,12.5
2024-09-03 00:00:00,3.010568618774414,4,0,0,24.5
2024-09-04 00:00:00,3.450947552919388,3,0,0,40.5
2024-09-05 00:00:00,3.5347499549388885,3,0,0,50.0
2024-09-06 00:00:00,3.606257200241089,3,0,0,60.5
2024-09-09 00:00:00,3.487381935119629,3,0,0,50.0
2024-09-10 00:00:00,3.345407396554947,3,0,0,40.5
2024-09-11 00:00:00,3.1227931082248688,3,0,0,32.0
2024-09-12 00:00:00,3.054168224334717,3,0,0,32.0
2024-09-13 00:00:00,2.7203758656978607,3,0,0,24.5
2024-09-16 00:00:00,2.5838181376457214,3,0,0,24.5
2024-09-17 00:00:00,2.351461738348007,3,0,0,24.5
2024-09-18 00:00:00,1.8686603307724,3,0,0,18.0
2024-09-19 00:00:00,1.4584661722183228,3,0,0,12.5
2024-09-20 00:00:00,0.9035060405731201,3,0,0,8.0
2024-09-23 00:00:00,0.9884279370307922,3,0,0,8.0
2024-09-24 00:00:00,0.839612752199173,3,0,0,8.0
2024-09-25 00:00:00,0.8543322682380676,2,0,0,8.0
2024-09-26 00:00:00,0.835504949092865,3,0,0,4.5
2024-09-27 00:00:00,0.6777059733867645,2,0,0,4.5
2024-09-30 00:00:00,0.6061611175537109,2,0,0,4.5
2024-10-01 00:00:00,0.6301021575927734,2,0,0,4.5
2024-10-02 00:00:00,0.5954244434833527,2,0,0,2.0
2024-10-03 00:00:00,0.4179072976112366,2,0,0,0.5
2024-10-04 00:00:00,0.4478417634963989,2,0,0,0.5
2024-10-07 00:00:00,0.5086300671100616,2,0,0,0.5
2024-10-08 00:00:00,0.4986617863178253,2,0,0,0.5
2024-10-09 00:00:00,0.5004848837852478,2,0,0,0.5
2024-10-10 00:00:00,0.4475880563259125,2,0,0,0.5
2024-10-11 00:00:00,0.2681479752063751,2,0,0,0.5
2024-10-14 00:00:00,0.2256624400615692,2,0,0,0.5
2024-10-15 00:00:00,0.2613045573234558,2,0,0,0.5
2024-10-16 00:00:00,0.31054937839508057,2,0,0,0.5
2024-10-17 00:00:00,0.3816366195678711,2,0,0,0.5
2024-10-18 00:00:00,0.3796130120754242,2,0,0,0.5
2024-10-21 00:00:00,0.3015097975730896,2,0,0,0.5
2024-10-22 00:00:00,0.28058576583862305,2,0,0,0.5
2024-10-23 00:00:00,0.27028289437294006,2,0,0,0.5
2024-10-24 00:00:00,0.2819533348083496,3,0,0,0.5
2024-10-25 00:00:00,0.27948281168937683,3,0,0,0.0
2024-10-28 00:00:00,0.6016736328601837,4,0,0,2.0
2024-10-29 00:00:00,1.0318406522274017,5,0,0,4.5
2024-10-30 00:00:00,1.2145523130893707,6,0,0,8.0
2024-10-31 00:00:00,1.2946076691150665,6,0,0,8.0
2024-11-01 00:00:00,1.2943828701972961,6,0,0,8.0
2024-11-04 00:00:00,1.9014714658260345,7,0,0,12.5
2024-11-05 00:00:00,2.3931224644184113,9,0,0,24.5
2024-11-06 00:00:00,2.6197619438171387,10,0,0,32.0
2024-11-07 00:00:00,2.958612620830536,10,0,0,32.0
2024-11-08 00:00:00,2.8344031870365143,9,0,0,24.5
2024-11-11 00:00:00,2.6593761444091797,9,0,0,24.5
2024-11-12 00:00:00,2.6370258033275604,9,0,0,24.5
2024-11-13 00:00:00,2.7562220990657806,9,0,0,24.5
2024-11-14 00:00:00,3.0179003179073334,11,0,0,40.5
2024-11-15 00:00:00,2.9255436956882477,10,0,0,32.0
2024-11-18 00:00:00,2.9379879534244537,12,0,0,50.0
2024-11-19 00:00:00,2.694321095943451,11,0,0,40.5
2024-11-20 00:00:00,2.5284573435783386,10,0,0,32.0
2024-11-21 00:00:00,2.523179143667221,11,0,0,40.5
2024-11-22 00:00:00,2.303479164838791,11,0,0,32.0
2024-11-25 00:00:00,2.036468356847763,10,0,0,24.5
2024-11-26 00:00:00,1.1257418394088745,5,0,0,0.5
2024-11-27 00:00:00,0.919168084859848,5,0,0,0.0
2024-11-29 00:00:00,0.7379841506481171,5,0,0,0.5
2024-12-02 00:00:00,0.7722612917423248,5,0,0,0.5
2024-12-03 00:00:00,0.7096133828163147,3,0,0,4.5
2024-12-04 00:00:00,1.299883782863617,2,0,0,12.5
2024-12-05 00:00:00,1.566806048154831,2,0,0,24.5
2024-12-06 00:00:00,1.7401972711086273,2,0,0,32.0
2024-12-09 00:00:00,1.947972446680069,2,0,0,32.0
2024-12-10 00:00:00,1.7469982206821442,2,0,0,24.5
2024-12-11 00:00:00,1.766123354434967,2,0,0,24.5
2024-12-12 00:00:00,1.883653163909912,2,0,0,24.5
2024-12-13 00:00:00,2.007399082183838,2,0,0,24.5
2024-12-16 00:00:00,2.007955253124237,3,0,0,32.0
2024-12-17 00:00:00,1.9197993278503418,4,0,0,18.0
2024-12-18 00:00:00,2.0564883947372437,4,0,0,32.0
2024-12-19 00:00:00,2.0091632306575775,4,0,0,24.5
2024-12-20 00:00:00,2.1596405506134033,4,0,0,18.0
2024-12-23 00:00:00,2.7863968163728714,3,0,0,32.0
2024-12-24 00:00:00,3.0224658995866776,3,0,0,32.0
2024-12-26 00:00:00,2.8616667091846466,2,0,0,32.0
2024-12-27 00:00:00,2.469977244734764,2,0,0,4.5
2024-12-30 00:00:00,2.4736361354589462,2,0,0,4.5
2024-12-31 00:00:00,2.545511558651924,2,0,0,4.5
2025-01-02 00:00:00,2.513404294848442,2,0,0,4.5
2025-01-03 00:00:00,2.0189922899007797,2,0,0,0.5
2025-01-06 00:00:00,2.01989983022213,2,0,0,0.0
2025-01-07 00:00:00,1.8838471919298172,2,0,0,0.0
2025-01-08 00:00:00,1.7785549312829971,2,0,0,0.0
2025-01-10 00:00:00,1.7806227058172226,2,0,0,0.0
2025-01-13 00:00:00,1.875195935368538,2,0,0,0.0
2025-01-14 00:00:00,1.8075377494096756,2,0,0,0.0
2025-01-15 00:00:00,1.710083082318306,2,0,0,0.0
2025-01-16 00:00:00,1.7638741582632065,1,0,0,0.5
2025-01-17 00:00:00,2.024626240134239,1,0,0,2.0
2025-01-21 00:00:00,1.9986747652292252,1,0,0,4.5
2025-01-22 00:00:00,1.9697150439023972,1,0,0,4.5
2025-01-23 00:00:00,1.2931258827447891,2,0,0,2.0
2025-01-24 00:00:00,0.6944918632507324,2,0,0,2.0
2025-01-27 00:00:00,0.6412412375211716,2,0,0,0.5
2025-01-28 00:00:00,1.2327629774808884,4,0,0,0.5
2025-01-29 00:00:00,1.9438566267490387,4,0,0,2.0
2025-01-30 00:00:00,2.284883216023445,5,0,0,4.5
2025-01-31 00:00:00,2.478227987885475,6,0,0,8.0
2025-02-03 00:00:00,2.6687729507684708,7,0,0,12.5
2025-02-04 00:00:00,2.9314865320920944,8,0,0,18.0
2025-02-05 00:00:00,3.0910932272672653,8,0,0,18.0
2025-02-06 00:00:00,3.126042917370796,8,0,0,18.0
2025-02-07 00:00:00,2.943948373198509,8,0,0,18.0
2025-02-10 00:00:00,3.072048917412758,8,0,0,18.0
2025-02-11 00:00:00,3.3713732212781906,9,0,0,24.5
2025-02-12 00:00:00,3.5018964260816574,10,0,0,32.0
2025-02-13 00:00:00,3.808415934443474,13,0,0,60.5
2025-02-14 00:00:00,3.8839380890130997,13,0,0,60.5
2025-02-18 00:00:00,4.105918154120445,13,0,0,72.0
2025-02-19 00:00:00,4.279242321848869,14,0,0,84.5
2025-02-20 00:00:00,4.323309168219566,15,0,0,98.0
2025-02-21 00:00:00,4.041306242346764,14,0,0,84.5
2025-02-24 00:00:00,3.3916764110326767,14,0,0,72.0
2025-02-25 00:00:00,3.0736552476882935,15,0,0,84.5
2025-02-26 00:00:00,2.6607593297958374,15,0,0,84.5
2025-02-27 00:00:00,2.280785322189331,14,0,0,50.0
2025-02-28 00:00:00,1.8898577988147736,16,0,0,72.0
2025-03-03 00:00:00,1.7565569579601288,16,0,0,60.5
2025-03-04 00:00:00,1.5846960842609406,16,0,0,50.0
2025-03-05 00:00:00,1.4493310153484344,16,0,0,40.5
2025-03-06 00:00:00,1.1586227715015411,16,0,0,32.0
2025-03-07 00:00:00,1.189380019903183,16,0,0,32.0
2025-03-10 00:00:00,1.1257209479808807,16,0,0,32.0
2025-03-11 00:00:00,1.1934740841388702,16,0,0,32.0
2025-03-12 00:00:00,1.076993316411972,16,0,0,32.0
2025-03-13 00:00:00,0.8616852164268494,12,0,0,4.5
2025-03-14 00:00:00,0.6119316220283508,11,0,0,0.5
2025-03-17 00:00:00,0.9337137937545776,9,0,0,8.0
2025-03-18 00:00:00,1.1731799244880676,8,0,0,12.5
2025-03-19 00:00:00,1.2858544886112213,8,0,0,12.5
2025-03-20 00:00:00,1.534400850534439,9,0,0,12.5
2025-03-21 00:00:00,1.7934361398220062,8,0,0,24.5
2025-03-24 00:00:00,1.6462338268756866,5,0,0,40.5
2025-03-25 00:00:00,1.7654244601726532,5,0,0,40.5
2025-03-26 00:00:00,2.00913342833519,4,1,0,61.0
2025-03-27 00:00:00,2.0818814635276794,4,0,0,60.5
2025-03-28 00:00:00,2.2515016198158264,3,0,0,60.5
2025-03-31 00:00:00,2.6261158287525177,3,0,0,84.5
2025-04-01 00:00:00,2.8950164020061493,4,0,0,72.0
2025-04-02 00:00:00,3.286847323179245,4,0,0,72.0
2025-04-03 00:00:00,3.3008658587932587,4,0,0,72.0
2025-04-04 00:00:00,3.241727501153946,4,0,0,72.0
2025-04-07 00:00:00,4.041793018579483,6,0,0,50.0
2025-04-08 00:00:00,3.5422913432121277,7,0,0,40.5
2025-04-09 00:00:00,3.573785185813904,7,0,0,40.5
2025-04-10 00:00:00,3.7269758582115173,7,0,0,40.5
2025-04-11 00:00:00,3.594725638628006,7,0,0,12.5
2025-04-14 00:00:00,3.2945518791675568,7,0,0,8.0
2025-04-15 00:00:00,2.9631154239177704,8,0,0,0.5
2025-04-16 00:00:00,2.737870991230011,8,0,0,0.0
2025-04-17 00:00:00,2.4861550629138947,9,0,0,0.5
2025-04-21 00:00:00,2.2513381242752075,9,0,0,0.0
2025-04-22 00:00:00,2.3410800397396088,10,0,0,2.0
2025-04-23 00:00:00,2.4589661955833435,10,0,0,12.5
2025-04-24 00:00:00,2.6440137028694153,10,0,0,12.5
2025-04-25 00:00:00,2.7203675508499146,10,0,0,18.5
2025-04-28 00:00:00,2.9186030626296997,10,0,0,18.0
2025-04-29 00:00:00,3.344538450241089,10,0,0,24.5
2025-04-30 00:00:00,3.0683872997760773,9,0,0,18.0
2025-05-01 00:00:00,1.6283109188079834,8,0,0,8.0
2025-05-02 00:00:00,1.726182460784912,7,0,0,4.5
2025-05-05 00:00:00,1.4373856782913208,6,0,0,2.0
2025-05-06 00:00:00,1.7951833009719849,6,0,0,2.0
2025-05-07 00:00:00,2.9932677149772644,5,0,0,0.5
2025-05-08 00:00:00,2.5203569531440735,6,0,0,0.5
2025-05-09 00:00:00,2.593090295791626,8,0,0,0.5
2025-05-12 00:00:00,2.7733839750289917,8,0,0,0.5
2025-05-13 00:00:00,2.787695974111557,9,0,0,2.0
2025-05-14 00:00:00,2.5264288783073425,7,0,0,0.0
2025-05-15 00:00:00,2.2396158576011658,6,0,0,2.0
2025-05-16 00:00:00,2.253924638032913,5,0,0,4.5
2025-05-19 00:00:00,2.194261312484741,6,0,0,4.5
2025-05-20 00:00:00,2.435823440551758,5,0,0,8.0
2025-05-21 00:00:00,2.7092844545841217,5,0,0,12.5
2025-05-22 00:00:00,2.494482100009918,6,0,0,8.0
2025-05-23 00:00:00,2.4475263953208923,6,0,0,8.0
2025-05-27 00:00:00,2.4183695018291473,6,0,0,8.0
2025-05-28 00:00:00,2.653422623872757,5,0,0,12.5
2025-05-29 00:00:00,2.9321312606334686,5,0,0,12.5
2025-05-30 00:00:00,2.4640457332134247,4,0,0,12.5
2025-06-02 00:00:00,1.8405799269676208,4,0,0,8.0
2025-06-03 00:00:00,1.8108492195606232,4,0,0,4.5
2025-06-04 00:00:00,1.8683718144893646,4,0,0,2.0
2025-06-05 00:00:00,0.9808123111724854,4,0,0,2.0
2025-06-06 00:00:00,0.7743210196495056,3,0,0,2.0
2025-06-09 00:00:00,1.2598333060741425,2,0,0,8.0
2025-06-10 00:00:00,1.614896148443222,2,0,0,18.0
2025-06-11 00:00:00,1.7987635433673859,2,0,0,18.0
2025-06-12 00:00:00,1.8065815567970276,2,0,0,24.5
2025-06-13 00:00:00,1.3047761917114258,2,0,0,12.5
2025-06-16 00:00:00,1.127938836812973,2,0,0,8.0
2025-06-17 00:00:00,1.1495140492916107,1,0,0,8.0
2025-06-18 00:00:00,1.1385309398174286,2,0,0,8.0
2025-06-20 00:00:00,0.971290796995163,2,0,0,4.5
2025-06-23 00:00:00,0.9872310161590576,2,0,0,4.5
2025-06-24 00:00:00,1.0168500244617462,2,0,0,8.0
2025-06-25 00:00:00,1.0673619508743286,2,0,0,8.0
2025-06-26 00:00:00,1.0758822858333588,2,0,0,8.0
2025-06-27 00:00:00,0.8414266705513,2,0,0,4.5
2025-06-30 00:00:00,0.5281120538711548,3,0,0,2.0
2025-07-01 00:00:00,0.5363623201847076,3,0,0,0.5
2025-07-02 00:00:00,0.5701667964458466,2,0,0,2.0
2025-07-03 00:00:00,0.4841722846031189,2,0,0,2.0
2025-07-07 00:00:00,0.4110037684440613,2,0,0,2.0
2025-07-08 00:00:00,0.31437167525291443,3,0,0,0.5
2025-07-09 00:00:00,0.40895047783851624,3,0,0,0.0
2025-07-10 00:00:00,0.3840799927711487,3,0,0,0.5
2025-07-11 00:00:00,0.4176430404186249,3,0,0,0.5
2025-07-14 00:00:00,0.43018388748168945,3,0,0,0.5
2025-07-15 00:00:00,0.4222261905670166,3,0,0,0.5
2025-07-16 00:00:00,0.5566128194332123,3,0,0,0.5
2025-07-17 00:00:00,0.6636594235897064,3,0,0,0.5
2025-07-18 00:00:00,0.7041365504264832,4,0,0,4.5
2025-07-21 00:00:00,0.7282415628433228,5,0,0,4.5
2025-07-22 00:00:00,0.880003958940506,6,0,0,8.0
2025-07-23 00:00:00,0.8907208144664764,6,0,0,8.0
2025-07-24 00:00:00,0.8835542500019073,6,0,0,8.0
2025-07-25 00:00:00,0.9618723094463348,7,0,0,12.5
2025-07-28 00:00:00,1.0962893664836884,7,0,0,12.5
2025-07-29 00:00:00,1.0965572893619537,7,0,0,12.5
2025-07-30 00:00:00,1.1135229766368866,8,1,0,13.0
2025-07-31 00:00:00,1.5346407294273376,9,1,0,18.5
2025-08-01 00:00:00,1.7659685611724854,10,0,0,32.0
2025-08-04 00:00:00,1.8884825110435486,11,0,0,40.5
2025-08-05 00:00:00,1.9431306421756744,12,0,0,50.0
2025-08-06 00:00:00,2.180396318435669,12,0,0,40.5
2025-08-07 00:00:00,2.1512039601802826,12,0,0,40.5
2025-08-08 00:00:00,2.186978429555893,13,0,0,50.0
2025-08-11 00:00:00,2.4944253265857697,15,0,0,72.0
2025-08-12 00:00:00,2.530311018228531,15,0,0,72.0
2025-08-13 00:00:00,2.676160454750061,15,0,0,72.0
2025-08-14 00:00:00,2.4324020445346832,14,0,0,60.5
2025-08-15 00:00:00,2.288560450077057,13,0,0,50.0
2025-08-18 00:00:00,1.9384141266345978,11,0,0,24.5
2025-08-19 00:00:00,1.5117206275463104,10,0,0,12.5
2025-08-20 00:00:00,1.2838041186332703,10,0,0,8.0
2025-08-21 00:00:00,1.1142550706863403,10,0,0,8.0
2025-08-22 00:00:00,0.7903954982757568,10,0,0,8.0
2025-08-25 00:00:00,0.4698804020881653,9,0,0,2.0
2025-08-26 00:00:00,0.32402104139328003,8,0,0,0.5
2025-08-27 00:00:00,0.5742361843585968,7,0,0,0.0
2025-08-28 00:00:00,1.235442879018863,6,0,0,2.5
2025-08-29 00:00:00,1.884135779850014,5,0,0,8.5
